[0.000000] (-) TimerEvent: {}
[0.000099] (forward_kinematics) JobQueued: {'identifier': 'forward_kinematics', 'dependencies': OrderedDict()}
[0.000128] (joint_control) JobQueued: {'identifier': 'joint_control', 'dependencies': OrderedDict()}
[0.000160] (straight_line_interface) JobQueued: {'identifier': 'straight_line_interface', 'dependencies': OrderedDict()}
[0.000216] (tf_listener) JobQueued: {'identifier': 'tf_listener', 'dependencies': OrderedDict()}
[0.000235] (straight_line) JobQueued: {'identifier': 'straight_line', 'dependencies': OrderedDict([('straight_line_interface', '/home/cc/ee106a/fa26/class/ee106a-aej/ros_workspaces/lab3/install/straight_line_interface')])}
[0.000258] (straight_line_interface) JobStarted: {'identifier': 'straight_line_interface'}
[0.015244] (forward_kinematics) JobStarted: {'identifier': 'forward_kinematics'}
[0.042412] (joint_control) JobStarted: {'identifier': 'joint_control'}
[0.069712] (tf_listener) JobStarted: {'identifier': 'tf_listener'}
[0.098789] (-) TimerEvent: {}
[0.100274] (straight_line_interface) JobProgress: {'identifier': 'straight_line_interface', 'progress': 'cmake'}
[0.111487] (straight_line_interface) Command: {'cmd': ['/usr/bin/cmake', '/home/cc/ee106a/fa26/class/ee106a-aej/ros_workspaces/lab3/src/straight_line_interface', '-DAMENT_CMAKE_SYMLINK_INSTALL=1', '-DCMAKE_INSTALL_PREFIX=/home/cc/ee106a/fa26/class/ee106a-aej/ros_workspaces/lab3/install/straight_line_interface'], 'cwd': '/home/cc/ee106a/fa26/class/ee106a-aej/ros_workspaces/lab3/build/straight_line_interface', 'env': OrderedDict([('ARCH', 'x86_64'), ('QT_SCALE_FACTOR', '1'), ('USER', 'ee106a-aej'), ('HOSTNAME', 'ros2'), ('XDG_SESSION_TYPE', 'x11'), ('MASTERDIR', '/home/ff/ee106a'), ('COMPIZ_CONFIG_PROFILE', 'mate'), ('XDG_CACHE_HOME', '/home/cc/ee106a/fa26/class/ee106a-aej/.cache'), ('SHLVL', '2'), ('LD_LIBRARY_PATH', '/home/cc/ee106a/fa26/class/ee106a-aej/ros_workspaces/lab3/install/straight_line_interface/lib:/usr/lib/x86_64-linux-gnu/gazebo-11/plugins:/opt/ros/humble/opt/rviz_ogre_vendor/lib:/opt/ros/humble/lib/x86_64-linux-gnu:/opt/ros/humble/lib'), ('HOME', '/home/cc/ee106a/fa26/class/ee106a-aej'), ('OLDPWD', '/home/cc/ee106a/fa26/class/ee106a-aej'), ('DESKTOP_SESSION', 'mate'), ('ROS_PYTHON_VERSION', '3'), ('GTK_MODULES', 'gail:atk-bridge:appmenu-gtk-module:gail:atk-bridge:canberra-gtk-module'), ('EE106_UR_ROBOT_IP', '192.168.1.102'), ('MANAGERPID', '1465393'), ('DISTROBOX_ENTER_PATH', '/usr/local/bin/distrobox-enter'), ('DBUS_STARTER_BUS_TYPE', 'session'), ('SYSTEMD_EXEC_PID', '1465393'), ('NNTPSERVER', 'news.csua.berkeley.edu'), ('VISUAL', 'emacs'), ('XDG_STATE_HOME', '/home/cc/ee106a/fa26/class/ee106a-aej/.local/state'), ('DBUS_SESSION_BUS_ADDRESS', 'unix:path=/run/user/90978/bus,guid=a2a472a95d314ef151893ed26aab493b'), ('COLORTERM', 'truecolor'), ('container', 'podman'), ('UBUNTU_MENUPROXY', '1'), ('QT_QPA_PLATFORMTHEME', 'gtk2'), ('IM_CONFIG_PHASE', '1'), ('COLCON_PREFIX_PATH', '/home/cc/ee106a/fa26/class/ee106a-aej/ros_workspaces/lab3/install:/home/ff/ee106a/robot_workspaces/ur/install'), ('ROS_DISTRO', 'humble'), ('GTK_IM_MODULE', 'ibus'), ('LOGNAME', 'ee106a-aej'), ('MASTER', 'ee106a'), ('WINDOWID', '37748742'), ('JOURNAL_STREAM', '8:23531811'), ('ROS_VERSION', '2'), ('XDG_SESSION_CLASS', 'user'), ('TERMINFO_DIRS', '/usr/share/terminfo:/run/host/usr/share/terminfo'), ('USERNAME', 'ee106a-aej'), ('TERM', 'xterm-256color'), ('GTK_OVERLAY_SCROLLING', '0'), ('ROS_LOCALHOST_ONLY', '0'), ('WINDOWPATH', '2'), ('PATH', '/opt/ros/humble/bin:/share/b/grading/bin:/home/ff/ee106a/bin:/home/ff/ee106a/bin/arch/x86_64:/share/b/grading/bin:/home/ff/ee106a/bin:/home/ff/ee106a/bin/arch/x86_64:/usr/local/sbin:/usr/local/bin:/usr/sbin:/usr/bin:/sbin:/bin:/usr/games:/usr/local/games:/snap/bin:/snap/bin:/share/b/grading/bin:/share/b/grading/sbin:/share/b/runas/x86_64:/share/b/bin:/home/ff/ee106a/venvs/all:/usr/local/sbin:/usr/local/bin:/usr/sbin:/usr/bin:/sbin:/bin:/share/b/grading/bin:/share/b/grading/sbin:/share/b/runas/x86_64:/share/b/bin:/home/ff/ee106a/venvs/all'), ('SESSION_MANAGER', 'local/c105-8:@/tmp/.ICE-unix/1465475,unix/c105-8:/tmp/.ICE-unix/1465475'), ('INVOCATION_ID', '1b6d56a331614233a45e81fca6256b7b'), ('OS', 'Linux'), ('XDG_RUNTIME_DIR', '/run/user/90978'), ('DISPLAY', ':1'), ('LANG', 'en_US.UTF-8'), ('XDG_CURRENT_DESKTOP', 'MATE'), ('XDG_DATA_HOME', '/home/cc/ee106a/fa26/class/ee106a-aej/.local/share'), ('XDG_CONFIG_HOME', '/home/cc/ee106a/fa26/class/ee106a-aej/.config'), ('XMODIFIERS', '@im=ibus'), ('XDG_SESSION_DESKTOP', 'mate'), ('XAUTHORITY', '/run/user/90978/gdm/Xauthority'), ('SSH_AUTH_SOCK', '/run/user/90978/keyring/ssh'), ('ROS_DOMAIN_ID', '28'), ('AMENT_PREFIX_PATH', '/home/cc/ee106a/fa26/class/ee106a-aej/ros_workspaces/lab3/install/tf_listener:/home/cc/ee106a/fa26/class/ee106a-aej/ros_workspaces/lab3/install/straight_line:/home/cc/ee106a/fa26/class/ee106a-aej/ros_workspaces/lab3/install/straight_line_interface:/home/cc/ee106a/fa26/class/ee106a-aej/ros_workspaces/lab3/install/joint_control:/home/cc/ee106a/fa26/class/ee106a-aej/ros_workspaces/lab3/install/forward_kinematics:/home/ff/ee106a/robot_workspaces/ur/install/ur7e_utils:/opt/ros/humble'), ('SHELL', '/usr/bin/bash'), ('QT_ACCESSIBILITY', '1'), ('EE106_UR_ROBOT_NAME', 'astroboy'), ('GDMSESSION', 'mate'), ('RUNAS', '/share/b/runas/x86_64'), ('GPG_AGENT_INFO', '/run/user/90978/gnupg/S.gpg-agent:0:1'), ('CONFIG_SHELL', '/usr/bin/ksh'), ('QT_IM_MODULE', 'ibus'), ('PWD', '/home/cc/ee106a/fa26/class/ee106a-aej/ros_workspaces/lab3/build/straight_line_interface'), ('EE106_ENV_SETUP', 'ur_ros2'), ('CONTAINER_ID', 'ros2'), ('LC_ALL', 'C.UTF-8'), ('XDG_CONFIG_DIRS', '/etc/xdg/xdg-mate:/etc/xdg'), ('CLUTTER_IM_MODULE', 'ibus'), ('DBUS_STARTER_ADDRESS', 'unix:path=/run/user/90978/bus,guid=a2a472a95d314ef151893ed26aab493b'), ('XDG_DATA_DIRS', '/usr/share/mate:/usr/share/mate:/usr/share/gnome:/home/cc/ee106a/fa26/class/ee106a-aej/.local/share/flatpak/exports/share:/var/lib/flatpak/exports/share:/usr/local/share/:/usr/share/:/var/lib/snapd/desktop:/usr/local/share:/usr/share'), ('PYTHONPATH', '/home/cc/ee106a/fa26/class/ee106a-aej/ros_workspaces/lab3/install/tf_listener/lib/python3.10/site-packages:/home/cc/ee106a/fa26/class/ee106a-aej/ros_workspaces/lab3/install/straight_line/lib/python3.10/site-packages:/home/cc/ee106a/fa26/class/ee106a-aej/ros_workspaces/lab3/install/straight_line_interface/local/lib/python3.10/dist-packages:/home/cc/ee106a/fa26/class/ee106a-aej/ros_workspaces/lab3/install/joint_control/lib/python3.10/site-packages:/home/cc/ee106a/fa26/class/ee106a-aej/ros_workspaces/lab3/install/forward_kinematics/lib/python3.10/site-packages:/home/ff/ee106a/robot_workspaces/ur/install/ur7e_utils/lib/python3.10/site-packages:/opt/ros/humble/lib/python3.10/site-packages:/opt/ros/humble/local/lib/python3.10/dist-packages'), ('MATE_DESKTOP_SESSION_ID', 'this-is-deprecated'), ('COLCON', '1'), ('MANPATH', '/usr/local/man:/usr/man:/usr/X11/man:/usr/local/man:/share/b/grading/man:/usr/local/man:/usr/man:/usr/X11/man:/usr/local/man:/share/b/grading/man:'), ('VTE_VERSION', '6800'), ('EDITOR', 'emacs'), ('CMAKE_PREFIX_PATH', '/home/cc/ee106a/fa26/class/ee106a-aej/ros_workspaces/lab3/install/straight_line_interface:/home/cc/ee106a/fa26/class/ee106a-aej/ros_workspaces/lab3/install/tf_listener:/home/cc/ee106a/fa26/class/ee106a-aej/ros_workspaces/lab3/install/straight_line:/home/cc/ee106a/fa26/class/ee106a-aej/ros_workspaces/lab3/install/joint_control:/home/cc/ee106a/fa26/class/ee106a-aej/ros_workspaces/lab3/install/forward_kinematics:/home/ff/ee106a/robot_workspaces/ur/install/ur7e_utils:/opt/ros/humble'), ('QT_FONT_DPI', '122')]), 'shell': False}
[0.198861] (-) TimerEvent: {}
[0.299067] (-) TimerEvent: {}
[0.399269] (-) TimerEvent: {}
[0.499470] (-) TimerEvent: {}
[0.544704] (straight_line_interface) StdoutLine: {'line': b'-- The C compiler identification is GNU 11.4.0\n'}
[0.545012] (straight_line_interface) StdoutLine: {'line': b'-- The CXX compiler identification is GNU 11.4.0\n'}
[0.545751] (straight_line_interface) StdoutLine: {'line': b'-- Detecting C compiler ABI info\n'}
[0.599552] (-) TimerEvent: {}
[0.678562] (straight_line_interface) StdoutLine: {'line': b'-- Detecting C compiler ABI info - done\n'}
[0.688383] (straight_line_interface) StdoutLine: {'line': b'-- Check for working C compiler: /usr/bin/cc - skipped\n'}
[0.688652] (straight_line_interface) StdoutLine: {'line': b'-- Detecting C compile features\n'}
[0.689474] (straight_line_interface) StdoutLine: {'line': b'-- Detecting C compile features - done\n'}
[0.699612] (-) TimerEvent: {}
[0.731518] (straight_line_interface) StdoutLine: {'line': b'-- Detecting CXX compiler ABI info\n'}
[0.799688] (-) TimerEvent: {}
[0.899885] (-) TimerEvent: {}
[0.984340] (straight_line_interface) StdoutLine: {'line': b'-- Detecting CXX compiler ABI info - done\n'}
[0.995456] (straight_line_interface) StdoutLine: {'line': b'-- Check for working CXX compiler: /usr/bin/c++ - skipped\n'}
[0.995779] (straight_line_interface) StdoutLine: {'line': b'-- Detecting CXX compile features\n'}
[0.996721] (straight_line_interface) StdoutLine: {'line': b'-- Detecting CXX compile features - done\n'}
[0.999944] (-) TimerEvent: {}
[1.058924] (straight_line_interface) StdoutLine: {'line': b'-- Found ament_cmake: 1.3.14 (/opt/ros/humble/share/ament_cmake/cmake)\n'}
[1.099993] (-) TimerEvent: {}
[1.200214] (-) TimerEvent: {}
[1.280267] (straight_line_interface) StdoutLine: {'line': b'-- Found Python3: /usr/bin/python3 (found version "3.10.12") found components: Interpreter \n'}
[1.300294] (-) TimerEvent: {}
[1.400506] (-) TimerEvent: {}
[1.407679] (straight_line_interface) StdoutLine: {'line': b'-- Override CMake install command with custom implementation using symlinks instead of copying resources\n'}
[1.423873] (forward_kinematics) Command: {'cmd': ['/usr/bin/python3', '-W', 'ignore:setup.py install is deprecated', '-W', 'ignore:easy_install command is deprecated', 'setup.py', 'develop', '--editable', '--build-directory', '/home/cc/ee106a/fa26/class/ee106a-aej/ros_workspaces/lab3/build/forward_kinematics/build', '--no-deps', 'symlink_data'], 'cwd': '/home/cc/ee106a/fa26/class/ee106a-aej/ros_workspaces/lab3/build/forward_kinematics', 'env': {'ARCH': 'x86_64', 'QT_SCALE_FACTOR': '1', 'USER': 'ee106a-aej', 'HOSTNAME': 'ros2', 'XDG_SESSION_TYPE': 'x11', 'MASTERDIR': '/home/ff/ee106a', 'COMPIZ_CONFIG_PROFILE': 'mate', 'XDG_CACHE_HOME': '/home/cc/ee106a/fa26/class/ee106a-aej/.cache', 'SHLVL': '2', 'LD_LIBRARY_PATH': '/home/cc/ee106a/fa26/class/ee106a-aej/ros_workspaces/lab3/install/straight_line_interface/lib:/usr/lib/x86_64-linux-gnu/gazebo-11/plugins:/opt/ros/humble/opt/rviz_ogre_vendor/lib:/opt/ros/humble/lib/x86_64-linux-gnu:/opt/ros/humble/lib', 'HOME': '/home/cc/ee106a/fa26/class/ee106a-aej', 'OLDPWD': '/home/cc/ee106a/fa26/class/ee106a-aej', 'DESKTOP_SESSION': 'mate', 'ROS_PYTHON_VERSION': '3', 'GTK_MODULES': 'gail:atk-bridge:appmenu-gtk-module:gail:atk-bridge:canberra-gtk-module', 'EE106_UR_ROBOT_IP': '192.168.1.102', 'MANAGERPID': '1465393', 'DISTROBOX_ENTER_PATH': '/usr/local/bin/distrobox-enter', 'DBUS_STARTER_BUS_TYPE': 'session', 'SYSTEMD_EXEC_PID': '1465393', 'NNTPSERVER': 'news.csua.berkeley.edu', 'VISUAL': 'emacs', 'XDG_STATE_HOME': '/home/cc/ee106a/fa26/class/ee106a-aej/.local/state', 'DBUS_SESSION_BUS_ADDRESS': 'unix:path=/run/user/90978/bus,guid=a2a472a95d314ef151893ed26aab493b', 'COLORTERM': 'truecolor', 'container': 'podman', 'UBUNTU_MENUPROXY': '1', 'QT_QPA_PLATFORMTHEME': 'gtk2', 'IM_CONFIG_PHASE': '1', 'COLCON_PREFIX_PATH': '/home/cc/ee106a/fa26/class/ee106a-aej/ros_workspaces/lab3/install:/home/ff/ee106a/robot_workspaces/ur/install', 'ROS_DISTRO': 'humble', 'GTK_IM_MODULE': 'ibus', 'LOGNAME': 'ee106a-aej', 'MASTER': 'ee106a', 'WINDOWID': '37748742', 'JOURNAL_STREAM': '8:23531811', 'ROS_VERSION': '2', 'XDG_SESSION_CLASS': 'user', 'TERMINFO_DIRS': '/usr/share/terminfo:/run/host/usr/share/terminfo', 'USERNAME': 'ee106a-aej', 'TERM': 'xterm-256color', 'GTK_OVERLAY_SCROLLING': '0', 'ROS_LOCALHOST_ONLY': '0', 'WINDOWPATH': '2', 'PATH': '/opt/ros/humble/bin:/share/b/grading/bin:/home/ff/ee106a/bin:/home/ff/ee106a/bin/arch/x86_64:/share/b/grading/bin:/home/ff/ee106a/bin:/home/ff/ee106a/bin/arch/x86_64:/usr/local/sbin:/usr/local/bin:/usr/sbin:/usr/bin:/sbin:/bin:/usr/games:/usr/local/games:/snap/bin:/snap/bin:/share/b/grading/bin:/share/b/grading/sbin:/share/b/runas/x86_64:/share/b/bin:/home/ff/ee106a/venvs/all:/usr/local/sbin:/usr/local/bin:/usr/sbin:/usr/bin:/sbin:/bin:/share/b/grading/bin:/share/b/grading/sbin:/share/b/runas/x86_64:/share/b/bin:/home/ff/ee106a/venvs/all', 'SESSION_MANAGER': 'local/c105-8:@/tmp/.ICE-unix/1465475,unix/c105-8:/tmp/.ICE-unix/1465475', 'INVOCATION_ID': '1b6d56a331614233a45e81fca6256b7b', 'OS': 'Linux', 'XDG_RUNTIME_DIR': '/run/user/90978', 'DISPLAY': ':1', 'LANG': 'en_US.UTF-8', 'XDG_CURRENT_DESKTOP': 'MATE', 'XDG_DATA_HOME': '/home/cc/ee106a/fa26/class/ee106a-aej/.local/share', 'XDG_CONFIG_HOME': '/home/cc/ee106a/fa26/class/ee106a-aej/.config', 'XMODIFIERS': '@im=ibus', 'XDG_SESSION_DESKTOP': 'mate', 'XAUTHORITY': '/run/user/90978/gdm/Xauthority', 'SSH_AUTH_SOCK': '/run/user/90978/keyring/ssh', 'ROS_DOMAIN_ID': '28', 'AMENT_PREFIX_PATH': '/home/cc/ee106a/fa26/class/ee106a-aej/ros_workspaces/lab3/install/tf_listener:/home/cc/ee106a/fa26/class/ee106a-aej/ros_workspaces/lab3/install/straight_line:/home/cc/ee106a/fa26/class/ee106a-aej/ros_workspaces/lab3/install/straight_line_interface:/home/cc/ee106a/fa26/class/ee106a-aej/ros_workspaces/lab3/install/joint_control:/home/cc/ee106a/fa26/class/ee106a-aej/ros_workspaces/lab3/install/forward_kinematics:/home/ff/ee106a/robot_workspaces/ur/install/ur7e_utils:/opt/ros/humble', 'SHELL': '/usr/bin/bash', 'QT_ACCESSIBILITY': '1', 'EE106_UR_ROBOT_NAME': 'astroboy', 'GDMSESSION': 'mate', 'RUNAS': '/share/b/runas/x86_64', 'GPG_AGENT_INFO': '/run/user/90978/gnupg/S.gpg-agent:0:1', 'CONFIG_SHELL': '/usr/bin/ksh', 'QT_IM_MODULE': 'ibus', 'PWD': '/home/cc/ee106a/fa26/class/ee106a-aej/ros_workspaces/lab3/build/forward_kinematics', 'EE106_ENV_SETUP': 'ur_ros2', 'CONTAINER_ID': 'ros2', 'LC_ALL': 'C.UTF-8', 'XDG_CONFIG_DIRS': '/etc/xdg/xdg-mate:/etc/xdg', 'CLUTTER_IM_MODULE': 'ibus', 'DBUS_STARTER_ADDRESS': 'unix:path=/run/user/90978/bus,guid=a2a472a95d314ef151893ed26aab493b', 'XDG_DATA_DIRS': '/usr/share/mate:/usr/share/mate:/usr/share/gnome:/home/cc/ee106a/fa26/class/ee106a-aej/.local/share/flatpak/exports/share:/var/lib/flatpak/exports/share:/usr/local/share/:/usr/share/:/var/lib/snapd/desktop:/usr/local/share:/usr/share', 'PYTHONPATH': '/home/cc/ee106a/fa26/class/ee106a-aej/ros_workspaces/lab3/build/forward_kinematics/prefix_override:/usr/lib/python3/dist-packages/colcon_core/task/python/colcon_distutils_commands:/home/cc/ee106a/fa26/class/ee106a-aej/ros_workspaces/lab3/install/forward_kinematics/lib/python3.10/site-packages:/home/cc/ee106a/fa26/class/ee106a-aej/ros_workspaces/lab3/install/tf_listener/lib/python3.10/site-packages:/home/cc/ee106a/fa26/class/ee106a-aej/ros_workspaces/lab3/install/straight_line/lib/python3.10/site-packages:/home/cc/ee106a/fa26/class/ee106a-aej/ros_workspaces/lab3/install/straight_line_interface/local/lib/python3.10/dist-packages:/home/cc/ee106a/fa26/class/ee106a-aej/ros_workspaces/lab3/install/joint_control/lib/python3.10/site-packages:/home/cc/ee106a/fa26/class/ee106a-aej/ros_workspaces/lab3/install/forward_kinematics/lib/python3.10/site-packages:/home/ff/ee106a/robot_workspaces/ur/install/ur7e_utils/lib/python3.10/site-packages:/opt/ros/humble/lib/python3.10/site-packages:/opt/ros/humble/local/lib/python3.10/dist-packages', 'MATE_DESKTOP_SESSION_ID': 'this-is-deprecated', 'COLCON': '1', 'MANPATH': '/usr/local/man:/usr/man:/usr/X11/man:/usr/local/man:/share/b/grading/man:/usr/local/man:/usr/man:/usr/X11/man:/usr/local/man:/share/b/grading/man:', 'VTE_VERSION': '6800', 'EDITOR': 'emacs', 'CMAKE_PREFIX_PATH': '/home/cc/ee106a/fa26/class/ee106a-aej/ros_workspaces/lab3/install/straight_line_interface', 'QT_FONT_DPI': '122'}, 'shell': False}
[1.442076] (joint_control) Command: {'cmd': ['/usr/bin/python3', '-W', 'ignore:setup.py install is deprecated', '-W', 'ignore:easy_install command is deprecated', 'setup.py', 'develop', '--editable', '--build-directory', '/home/cc/ee106a/fa26/class/ee106a-aej/ros_workspaces/lab3/build/joint_control/build', '--no-deps', 'symlink_data'], 'cwd': '/home/cc/ee106a/fa26/class/ee106a-aej/ros_workspaces/lab3/build/joint_control', 'env': {'ARCH': 'x86_64', 'QT_SCALE_FACTOR': '1', 'USER': 'ee106a-aej', 'HOSTNAME': 'ros2', 'XDG_SESSION_TYPE': 'x11', 'MASTERDIR': '/home/ff/ee106a', 'COMPIZ_CONFIG_PROFILE': 'mate', 'XDG_CACHE_HOME': '/home/cc/ee106a/fa26/class/ee106a-aej/.cache', 'SHLVL': '2', 'LD_LIBRARY_PATH': '/home/cc/ee106a/fa26/class/ee106a-aej/ros_workspaces/lab3/install/straight_line_interface/lib:/usr/lib/x86_64-linux-gnu/gazebo-11/plugins:/opt/ros/humble/opt/rviz_ogre_vendor/lib:/opt/ros/humble/lib/x86_64-linux-gnu:/opt/ros/humble/lib', 'HOME': '/home/cc/ee106a/fa26/class/ee106a-aej', 'OLDPWD': '/home/cc/ee106a/fa26/class/ee106a-aej', 'DESKTOP_SESSION': 'mate', 'ROS_PYTHON_VERSION': '3', 'GTK_MODULES': 'gail:atk-bridge:appmenu-gtk-module:gail:atk-bridge:canberra-gtk-module', 'EE106_UR_ROBOT_IP': '192.168.1.102', 'MANAGERPID': '1465393', 'DISTROBOX_ENTER_PATH': '/usr/local/bin/distrobox-enter', 'DBUS_STARTER_BUS_TYPE': 'session', 'SYSTEMD_EXEC_PID': '1465393', 'NNTPSERVER': 'news.csua.berkeley.edu', 'VISUAL': 'emacs', 'XDG_STATE_HOME': '/home/cc/ee106a/fa26/class/ee106a-aej/.local/state', 'DBUS_SESSION_BUS_ADDRESS': 'unix:path=/run/user/90978/bus,guid=a2a472a95d314ef151893ed26aab493b', 'COLORTERM': 'truecolor', 'container': 'podman', 'UBUNTU_MENUPROXY': '1', 'QT_QPA_PLATFORMTHEME': 'gtk2', 'IM_CONFIG_PHASE': '1', 'COLCON_PREFIX_PATH': '/home/cc/ee106a/fa26/class/ee106a-aej/ros_workspaces/lab3/install:/home/ff/ee106a/robot_workspaces/ur/install', 'ROS_DISTRO': 'humble', 'GTK_IM_MODULE': 'ibus', 'LOGNAME': 'ee106a-aej', 'MASTER': 'ee106a', 'WINDOWID': '37748742', 'JOURNAL_STREAM': '8:23531811', 'ROS_VERSION': '2', 'XDG_SESSION_CLASS': 'user', 'TERMINFO_DIRS': '/usr/share/terminfo:/run/host/usr/share/terminfo', 'USERNAME': 'ee106a-aej', 'TERM': 'xterm-256color', 'GTK_OVERLAY_SCROLLING': '0', 'ROS_LOCALHOST_ONLY': '0', 'WINDOWPATH': '2', 'PATH': '/opt/ros/humble/bin:/share/b/grading/bin:/home/ff/ee106a/bin:/home/ff/ee106a/bin/arch/x86_64:/share/b/grading/bin:/home/ff/ee106a/bin:/home/ff/ee106a/bin/arch/x86_64:/usr/local/sbin:/usr/local/bin:/usr/sbin:/usr/bin:/sbin:/bin:/usr/games:/usr/local/games:/snap/bin:/snap/bin:/share/b/grading/bin:/share/b/grading/sbin:/share/b/runas/x86_64:/share/b/bin:/home/ff/ee106a/venvs/all:/usr/local/sbin:/usr/local/bin:/usr/sbin:/usr/bin:/sbin:/bin:/share/b/grading/bin:/share/b/grading/sbin:/share/b/runas/x86_64:/share/b/bin:/home/ff/ee106a/venvs/all', 'SESSION_MANAGER': 'local/c105-8:@/tmp/.ICE-unix/1465475,unix/c105-8:/tmp/.ICE-unix/1465475', 'INVOCATION_ID': '1b6d56a331614233a45e81fca6256b7b', 'OS': 'Linux', 'XDG_RUNTIME_DIR': '/run/user/90978', 'DISPLAY': ':1', 'LANG': 'en_US.UTF-8', 'XDG_CURRENT_DESKTOP': 'MATE', 'XDG_DATA_HOME': '/home/cc/ee106a/fa26/class/ee106a-aej/.local/share', 'XDG_CONFIG_HOME': '/home/cc/ee106a/fa26/class/ee106a-aej/.config', 'XMODIFIERS': '@im=ibus', 'XDG_SESSION_DESKTOP': 'mate', 'XAUTHORITY': '/run/user/90978/gdm/Xauthority', 'SSH_AUTH_SOCK': '/run/user/90978/keyring/ssh', 'ROS_DOMAIN_ID': '28', 'AMENT_PREFIX_PATH': '/home/cc/ee106a/fa26/class/ee106a-aej/ros_workspaces/lab3/install/tf_listener:/home/cc/ee106a/fa26/class/ee106a-aej/ros_workspaces/lab3/install/straight_line:/home/cc/ee106a/fa26/class/ee106a-aej/ros_workspaces/lab3/install/straight_line_interface:/home/cc/ee106a/fa26/class/ee106a-aej/ros_workspaces/lab3/install/joint_control:/home/cc/ee106a/fa26/class/ee106a-aej/ros_workspaces/lab3/install/forward_kinematics:/home/ff/ee106a/robot_workspaces/ur/install/ur7e_utils:/opt/ros/humble', 'SHELL': '/usr/bin/bash', 'QT_ACCESSIBILITY': '1', 'EE106_UR_ROBOT_NAME': 'astroboy', 'GDMSESSION': 'mate', 'RUNAS': '/share/b/runas/x86_64', 'GPG_AGENT_INFO': '/run/user/90978/gnupg/S.gpg-agent:0:1', 'CONFIG_SHELL': '/usr/bin/ksh', 'QT_IM_MODULE': 'ibus', 'PWD': '/home/cc/ee106a/fa26/class/ee106a-aej/ros_workspaces/lab3/build/joint_control', 'EE106_ENV_SETUP': 'ur_ros2', 'CONTAINER_ID': 'ros2', 'LC_ALL': 'C.UTF-8', 'XDG_CONFIG_DIRS': '/etc/xdg/xdg-mate:/etc/xdg', 'CLUTTER_IM_MODULE': 'ibus', 'DBUS_STARTER_ADDRESS': 'unix:path=/run/user/90978/bus,guid=a2a472a95d314ef151893ed26aab493b', 'XDG_DATA_DIRS': '/usr/share/mate:/usr/share/mate:/usr/share/gnome:/home/cc/ee106a/fa26/class/ee106a-aej/.local/share/flatpak/exports/share:/var/lib/flatpak/exports/share:/usr/local/share/:/usr/share/:/var/lib/snapd/desktop:/usr/local/share:/usr/share', 'PYTHONPATH': '/home/cc/ee106a/fa26/class/ee106a-aej/ros_workspaces/lab3/build/joint_control/prefix_override:/usr/lib/python3/dist-packages/colcon_core/task/python/colcon_distutils_commands:/home/cc/ee106a/fa26/class/ee106a-aej/ros_workspaces/lab3/install/joint_control/lib/python3.10/site-packages:/home/cc/ee106a/fa26/class/ee106a-aej/ros_workspaces/lab3/install/tf_listener/lib/python3.10/site-packages:/home/cc/ee106a/fa26/class/ee106a-aej/ros_workspaces/lab3/install/straight_line/lib/python3.10/site-packages:/home/cc/ee106a/fa26/class/ee106a-aej/ros_workspaces/lab3/install/straight_line_interface/local/lib/python3.10/dist-packages:/home/cc/ee106a/fa26/class/ee106a-aej/ros_workspaces/lab3/install/joint_control/lib/python3.10/site-packages:/home/cc/ee106a/fa26/class/ee106a-aej/ros_workspaces/lab3/install/forward_kinematics/lib/python3.10/site-packages:/home/ff/ee106a/robot_workspaces/ur/install/ur7e_utils/lib/python3.10/site-packages:/opt/ros/humble/lib/python3.10/site-packages:/opt/ros/humble/local/lib/python3.10/dist-packages', 'MATE_DESKTOP_SESSION_ID': 'this-is-deprecated', 'COLCON': '1', 'MANPATH': '/usr/local/man:/usr/man:/usr/X11/man:/usr/local/man:/share/b/grading/man:/usr/local/man:/usr/man:/usr/X11/man:/usr/local/man:/share/b/grading/man:', 'VTE_VERSION': '6800', 'EDITOR': 'emacs', 'CMAKE_PREFIX_PATH': '/home/cc/ee106a/fa26/class/ee106a-aej/ros_workspaces/lab3/install/straight_line_interface', 'QT_FONT_DPI': '122'}, 'shell': False}
[1.457053] (tf_listener) Command: {'cmd': ['/usr/bin/python3', '-W', 'ignore:setup.py install is deprecated', '-W', 'ignore:easy_install command is deprecated', 'setup.py', 'develop', '--editable', '--build-directory', '/home/cc/ee106a/fa26/class/ee106a-aej/ros_workspaces/lab3/build/tf_listener/build', '--no-deps', 'symlink_data'], 'cwd': '/home/cc/ee106a/fa26/class/ee106a-aej/ros_workspaces/lab3/build/tf_listener', 'env': {'ARCH': 'x86_64', 'QT_SCALE_FACTOR': '1', 'USER': 'ee106a-aej', 'HOSTNAME': 'ros2', 'XDG_SESSION_TYPE': 'x11', 'MASTERDIR': '/home/ff/ee106a', 'COMPIZ_CONFIG_PROFILE': 'mate', 'XDG_CACHE_HOME': '/home/cc/ee106a/fa26/class/ee106a-aej/.cache', 'SHLVL': '2', 'LD_LIBRARY_PATH': '/home/cc/ee106a/fa26/class/ee106a-aej/ros_workspaces/lab3/install/straight_line_interface/lib:/usr/lib/x86_64-linux-gnu/gazebo-11/plugins:/opt/ros/humble/opt/rviz_ogre_vendor/lib:/opt/ros/humble/lib/x86_64-linux-gnu:/opt/ros/humble/lib', 'HOME': '/home/cc/ee106a/fa26/class/ee106a-aej', 'OLDPWD': '/home/cc/ee106a/fa26/class/ee106a-aej', 'DESKTOP_SESSION': 'mate', 'ROS_PYTHON_VERSION': '3', 'GTK_MODULES': 'gail:atk-bridge:appmenu-gtk-module:gail:atk-bridge:canberra-gtk-module', 'EE106_UR_ROBOT_IP': '192.168.1.102', 'MANAGERPID': '1465393', 'DISTROBOX_ENTER_PATH': '/usr/local/bin/distrobox-enter', 'DBUS_STARTER_BUS_TYPE': 'session', 'SYSTEMD_EXEC_PID': '1465393', 'NNTPSERVER': 'news.csua.berkeley.edu', 'VISUAL': 'emacs', 'XDG_STATE_HOME': '/home/cc/ee106a/fa26/class/ee106a-aej/.local/state', 'DBUS_SESSION_BUS_ADDRESS': 'unix:path=/run/user/90978/bus,guid=a2a472a95d314ef151893ed26aab493b', 'COLORTERM': 'truecolor', 'container': 'podman', 'UBUNTU_MENUPROXY': '1', 'QT_QPA_PLATFORMTHEME': 'gtk2', 'IM_CONFIG_PHASE': '1', 'COLCON_PREFIX_PATH': '/home/cc/ee106a/fa26/class/ee106a-aej/ros_workspaces/lab3/install:/home/ff/ee106a/robot_workspaces/ur/install', 'ROS_DISTRO': 'humble', 'GTK_IM_MODULE': 'ibus', 'LOGNAME': 'ee106a-aej', 'MASTER': 'ee106a', 'WINDOWID': '37748742', 'JOURNAL_STREAM': '8:23531811', 'ROS_VERSION': '2', 'XDG_SESSION_CLASS': 'user', 'TERMINFO_DIRS': '/usr/share/terminfo:/run/host/usr/share/terminfo', 'USERNAME': 'ee106a-aej', 'TERM': 'xterm-256color', 'GTK_OVERLAY_SCROLLING': '0', 'ROS_LOCALHOST_ONLY': '0', 'WINDOWPATH': '2', 'PATH': '/opt/ros/humble/bin:/share/b/grading/bin:/home/ff/ee106a/bin:/home/ff/ee106a/bin/arch/x86_64:/share/b/grading/bin:/home/ff/ee106a/bin:/home/ff/ee106a/bin/arch/x86_64:/usr/local/sbin:/usr/local/bin:/usr/sbin:/usr/bin:/sbin:/bin:/usr/games:/usr/local/games:/snap/bin:/snap/bin:/share/b/grading/bin:/share/b/grading/sbin:/share/b/runas/x86_64:/share/b/bin:/home/ff/ee106a/venvs/all:/usr/local/sbin:/usr/local/bin:/usr/sbin:/usr/bin:/sbin:/bin:/share/b/grading/bin:/share/b/grading/sbin:/share/b/runas/x86_64:/share/b/bin:/home/ff/ee106a/venvs/all', 'SESSION_MANAGER': 'local/c105-8:@/tmp/.ICE-unix/1465475,unix/c105-8:/tmp/.ICE-unix/1465475', 'INVOCATION_ID': '1b6d56a331614233a45e81fca6256b7b', 'OS': 'Linux', 'XDG_RUNTIME_DIR': '/run/user/90978', 'DISPLAY': ':1', 'LANG': 'en_US.UTF-8', 'XDG_CURRENT_DESKTOP': 'MATE', 'XDG_DATA_HOME': '/home/cc/ee106a/fa26/class/ee106a-aej/.local/share', 'XDG_CONFIG_HOME': '/home/cc/ee106a/fa26/class/ee106a-aej/.config', 'XMODIFIERS': '@im=ibus', 'XDG_SESSION_DESKTOP': 'mate', 'XAUTHORITY': '/run/user/90978/gdm/Xauthority', 'SSH_AUTH_SOCK': '/run/user/90978/keyring/ssh', 'ROS_DOMAIN_ID': '28', 'AMENT_PREFIX_PATH': '/home/cc/ee106a/fa26/class/ee106a-aej/ros_workspaces/lab3/install/tf_listener:/home/cc/ee106a/fa26/class/ee106a-aej/ros_workspaces/lab3/install/straight_line:/home/cc/ee106a/fa26/class/ee106a-aej/ros_workspaces/lab3/install/straight_line_interface:/home/cc/ee106a/fa26/class/ee106a-aej/ros_workspaces/lab3/install/joint_control:/home/cc/ee106a/fa26/class/ee106a-aej/ros_workspaces/lab3/install/forward_kinematics:/home/ff/ee106a/robot_workspaces/ur/install/ur7e_utils:/opt/ros/humble', 'SHELL': '/usr/bin/bash', 'QT_ACCESSIBILITY': '1', 'EE106_UR_ROBOT_NAME': 'astroboy', 'GDMSESSION': 'mate', 'RUNAS': '/share/b/runas/x86_64', 'GPG_AGENT_INFO': '/run/user/90978/gnupg/S.gpg-agent:0:1', 'CONFIG_SHELL': '/usr/bin/ksh', 'QT_IM_MODULE': 'ibus', 'PWD': '/home/cc/ee106a/fa26/class/ee106a-aej/ros_workspaces/lab3/build/tf_listener', 'EE106_ENV_SETUP': 'ur_ros2', 'CONTAINER_ID': 'ros2', 'LC_ALL': 'C.UTF-8', 'XDG_CONFIG_DIRS': '/etc/xdg/xdg-mate:/etc/xdg', 'CLUTTER_IM_MODULE': 'ibus', 'DBUS_STARTER_ADDRESS': 'unix:path=/run/user/90978/bus,guid=a2a472a95d314ef151893ed26aab493b', 'XDG_DATA_DIRS': '/usr/share/mate:/usr/share/mate:/usr/share/gnome:/home/cc/ee106a/fa26/class/ee106a-aej/.local/share/flatpak/exports/share:/var/lib/flatpak/exports/share:/usr/local/share/:/usr/share/:/var/lib/snapd/desktop:/usr/local/share:/usr/share', 'PYTHONPATH': '/home/cc/ee106a/fa26/class/ee106a-aej/ros_workspaces/lab3/build/tf_listener/prefix_override:/usr/lib/python3/dist-packages/colcon_core/task/python/colcon_distutils_commands:/home/cc/ee106a/fa26/class/ee106a-aej/ros_workspaces/lab3/install/tf_listener/lib/python3.10/site-packages:/home/cc/ee106a/fa26/class/ee106a-aej/ros_workspaces/lab3/install/tf_listener/lib/python3.10/site-packages:/home/cc/ee106a/fa26/class/ee106a-aej/ros_workspaces/lab3/install/straight_line/lib/python3.10/site-packages:/home/cc/ee106a/fa26/class/ee106a-aej/ros_workspaces/lab3/install/straight_line_interface/local/lib/python3.10/dist-packages:/home/cc/ee106a/fa26/class/ee106a-aej/ros_workspaces/lab3/install/joint_control/lib/python3.10/site-packages:/home/cc/ee106a/fa26/class/ee106a-aej/ros_workspaces/lab3/install/forward_kinematics/lib/python3.10/site-packages:/home/ff/ee106a/robot_workspaces/ur/install/ur7e_utils/lib/python3.10/site-packages:/opt/ros/humble/lib/python3.10/site-packages:/opt/ros/humble/local/lib/python3.10/dist-packages', 'MATE_DESKTOP_SESSION_ID': 'this-is-deprecated', 'COLCON': '1', 'MANPATH': '/usr/local/man:/usr/man:/usr/X11/man:/usr/local/man:/share/b/grading/man:/usr/local/man:/usr/man:/usr/X11/man:/usr/local/man:/share/b/grading/man:', 'VTE_VERSION': '6800', 'EDITOR': 'emacs', 'CMAKE_PREFIX_PATH': '/home/cc/ee106a/fa26/class/ee106a-aej/ros_workspaces/lab3/install/straight_line_interface', 'QT_FONT_DPI': '122'}, 'shell': False}
[1.500593] (-) TimerEvent: {}
[1.600830] (-) TimerEvent: {}
[1.678025] (forward_kinematics) StdoutLine: {'line': b'running develop\n'}
[1.691645] (joint_control) StdoutLine: {'line': b'running develop\n'}
[1.700099] (tf_listener) StdoutLine: {'line': b'running develop\n'}
[1.700886] (-) TimerEvent: {}
[1.706279] (straight_line_interface) StdoutLine: {'line': b'-- Found geometry_msgs: 4.9.2 (/opt/ros/humble/share/geometry_msgs/cmake)\n'}
[1.800979] (-) TimerEvent: {}
[1.839679] (joint_control) StdoutLine: {'line': b'running egg_info\n'}
[1.839978] (joint_control) StdoutLine: {'line': b'creating joint_control.egg-info\n'}
[1.842542] (straight_line_interface) StdoutLine: {'line': b'-- Found rosidl_generator_c: 3.1.9 (/opt/ros/humble/share/rosidl_generator_c/cmake)\n'}
[1.843195] (joint_control) StdoutLine: {'line': b'writing joint_control.egg-info/PKG-INFO\n'}
[1.844474] (forward_kinematics) StdoutLine: {'line': b'running egg_info\n'}
[1.844725] (forward_kinematics) StdoutLine: {'line': b'creating forward_kinematics.egg-info\n'}
[1.846908] (forward_kinematics) StdoutLine: {'line': b'writing forward_kinematics.egg-info/PKG-INFO\n'}
[1.848929] (joint_control) StdoutLine: {'line': b'writing dependency_links to joint_control.egg-info/dependency_links.txt\n'}
[1.851830] (joint_control) StdoutLine: {'line': b'writing entry points to joint_control.egg-info/entry_points.txt\n'}
[1.852801] (forward_kinematics) StdoutLine: {'line': b'writing dependency_links to forward_kinematics.egg-info/dependency_links.txt\n'}
[1.854477] (joint_control) StdoutLine: {'line': b'writing requirements to joint_control.egg-info/requires.txt\n'}
[1.855896] (forward_kinematics) StdoutLine: {'line': b'writing entry points to forward_kinematics.egg-info/entry_points.txt\n'}
[1.856842] (joint_control) StdoutLine: {'line': b'writing top-level names to joint_control.egg-info/top_level.txt\n'}
[1.858311] (forward_kinematics) StdoutLine: {'line': b'writing requirements to forward_kinematics.egg-info/requires.txt\n'}
[1.859965] (joint_control) StdoutLine: {'line': b"writing manifest file 'joint_control.egg-info/SOURCES.txt'\n"}
[1.860279] (tf_listener) StdoutLine: {'line': b'running egg_info\n'}
[1.860617] (tf_listener) StdoutLine: {'line': b'creating tf_listener.egg-info\n'}
[1.860674] (forward_kinematics) StdoutLine: {'line': b'writing top-level names to forward_kinematics.egg-info/top_level.txt\n'}
[1.862644] (tf_listener) StdoutLine: {'line': b'writing tf_listener.egg-info/PKG-INFO\n'}
[1.863752] (forward_kinematics) StdoutLine: {'line': b"writing manifest file 'forward_kinematics.egg-info/SOURCES.txt'\n"}
[1.866087] (joint_control) StdoutLine: {'line': b"reading manifest file 'joint_control.egg-info/SOURCES.txt'\n"}
[1.867286] (joint_control) StdoutLine: {'line': b"writing manifest file 'joint_control.egg-info/SOURCES.txt'\n"}
[1.868466] (tf_listener) StdoutLine: {'line': b'writing dependency_links to tf_listener.egg-info/dependency_links.txt\n'}
[1.869449] (joint_control) StdoutLine: {'line': b'running build_ext\n'}
[1.870229] (joint_control) StdoutLine: {'line': b'Creating /home/cc/ee106a/fa26/class/ee106a-aej/ros_workspaces/lab3/install/joint_control/lib/python3.10/site-packages/joint-control.egg-link (link to .)\n'}
[1.870306] (forward_kinematics) StdoutLine: {'line': b"reading manifest file 'forward_kinematics.egg-info/SOURCES.txt'\n"}
[1.870370] (straight_line_interface) StdoutLine: {'line': b'-- Found rosidl_adapter: 3.1.9 (/opt/ros/humble/share/rosidl_adapter/cmake)\n'}
[1.870746] (forward_kinematics) StdoutLine: {'line': b"writing manifest file 'forward_kinematics.egg-info/SOURCES.txt'\n"}
[1.871444] (tf_listener) StdoutLine: {'line': b'writing entry points to tf_listener.egg-info/entry_points.txt\n'}
[1.872553] (joint_control) StdoutLine: {'line': b'Installing joint_controller script to /home/cc/ee106a/fa26/class/ee106a-aej/ros_workspaces/lab3/install/joint_control/lib/joint_control\n'}
[1.873504] (forward_kinematics) StdoutLine: {'line': b'running build_ext\n'}
[1.873799] (forward_kinematics) StdoutLine: {'line': b'Creating /home/cc/ee106a/fa26/class/ee106a-aej/ros_workspaces/lab3/install/forward_kinematics/lib/python3.10/site-packages/forward-kinematics.egg-link (link to .)\n'}
[1.874303] (tf_listener) StdoutLine: {'line': b'writing requirements to tf_listener.egg-info/requires.txt\n'}
[1.876697] (tf_listener) StdoutLine: {'line': b'writing top-level names to tf_listener.egg-info/top_level.txt\n'}
[1.877143] (forward_kinematics) StdoutLine: {'line': b'Installing forward_kinematics_node script to /home/cc/ee106a/fa26/class/ee106a-aej/ros_workspaces/lab3/install/forward_kinematics/lib/forward_kinematics\n'}
[1.877814] (joint_control) StdoutLine: {'line': b'Installing validate_trajectory script to /home/cc/ee106a/fa26/class/ee106a-aej/ros_workspaces/lab3/install/joint_control/lib/joint_control\n'}
[1.880132] (tf_listener) StdoutLine: {'line': b"writing manifest file 'tf_listener.egg-info/SOURCES.txt'\n"}
[1.882508] (joint_control) StdoutLine: {'line': b'\n'}
[1.882863] (joint_control) StdoutLine: {'line': b'Installed /home/cc/ee106a/fa26/class/ee106a-aej/ros_workspaces/lab3/build/joint_control\n'}
[1.882953] (joint_control) StdoutLine: {'line': b'running symlink_data\n'}
[1.883045] (forward_kinematics) StdoutLine: {'line': b'\n'}
[1.883154] (forward_kinematics) StdoutLine: {'line': b'Installed /home/cc/ee106a/fa26/class/ee106a-aej/ros_workspaces/lab3/build/forward_kinematics\n'}
[1.883259] (forward_kinematics) StdoutLine: {'line': b'running symlink_data\n'}
[1.883342] (joint_control) StdoutLine: {'line': b'creating /home/cc/ee106a/fa26/class/ee106a-aej/ros_workspaces/lab3/install/joint_control/share/ament_index\n'}
[1.884047] (forward_kinematics) StdoutLine: {'line': b'creating /home/cc/ee106a/fa26/class/ee106a-aej/ros_workspaces/lab3/install/forward_kinematics/share/ament_index\n'}
[1.884237] (joint_control) StdoutLine: {'line': b'creating /home/cc/ee106a/fa26/class/ee106a-aej/ros_workspaces/lab3/install/joint_control/share/ament_index/resource_index\n'}
[1.884396] (forward_kinematics) StdoutLine: {'line': b'creating /home/cc/ee106a/fa26/class/ee106a-aej/ros_workspaces/lab3/install/forward_kinematics/share/ament_index/resource_index\n'}
[1.885723] (joint_control) StdoutLine: {'line': b'creating /home/cc/ee106a/fa26/class/ee106a-aej/ros_workspaces/lab3/install/joint_control/share/ament_index/resource_index/packages\n'}
[1.885824] (forward_kinematics) StdoutLine: {'line': b'creating /home/cc/ee106a/fa26/class/ee106a-aej/ros_workspaces/lab3/install/forward_kinematics/share/ament_index/resource_index/packages\n'}
[1.886796] (tf_listener) StdoutLine: {'line': b"reading manifest file 'tf_listener.egg-info/SOURCES.txt'\n"}
[1.887756] (joint_control) StdoutLine: {'line': b'symbolically linking /home/cc/ee106a/fa26/class/ee106a-aej/ros_workspaces/lab3/build/joint_control/resource/joint_control -> /home/cc/ee106a/fa26/class/ee106a-aej/ros_workspaces/lab3/install/joint_control/share/ament_index/resource_index/packages\n'}
[1.887860] (forward_kinematics) StdoutLine: {'line': b'symbolically linking /home/cc/ee106a/fa26/class/ee106a-aej/ros_workspaces/lab3/build/forward_kinematics/resource/forward_kinematics -> /home/cc/ee106a/fa26/class/ee106a-aej/ros_workspaces/lab3/install/forward_kinematics/share/ament_index/resource_index/packages\n'}
[1.888027] (tf_listener) StdoutLine: {'line': b"writing manifest file 'tf_listener.egg-info/SOURCES.txt'\n"}
[1.889779] (forward_kinematics) StdoutLine: {'line': b'symbolically linking /home/cc/ee106a/fa26/class/ee106a-aej/ros_workspaces/lab3/build/forward_kinematics/package.xml -> /home/cc/ee106a/fa26/class/ee106a-aej/ros_workspaces/lab3/install/forward_kinematics/share/forward_kinematics\n'}
[1.890545] (joint_control) StdoutLine: {'line': b'symbolically linking /home/cc/ee106a/fa26/class/ee106a-aej/ros_workspaces/lab3/build/joint_control/package.xml -> /home/cc/ee106a/fa26/class/ee106a-aej/ros_workspaces/lab3/install/joint_control/share/joint_control\n'}
[1.891384] (forward_kinematics) StdoutLine: {'line': b'creating /home/cc/ee106a/fa26/class/ee106a-aej/ros_workspaces/lab3/install/forward_kinematics/share/forward_kinematics/urdf\n'}
[1.891645] (tf_listener) StdoutLine: {'line': b'running build_ext\n'}
[1.891853] (tf_listener) StdoutLine: {'line': b'Creating /home/cc/ee106a/fa26/class/ee106a-aej/ros_workspaces/lab3/install/tf_listener/lib/python3.10/site-packages/tf-listener.egg-link (link to .)\n'}
[1.893206] (forward_kinematics) StdoutLine: {'line': b'symbolically linking /home/cc/ee106a/fa26/class/ee106a-aej/ros_workspaces/lab3/build/forward_kinematics/urdf/ur7e_flattened.urdf -> /home/cc/ee106a/fa26/class/ee106a-aej/ros_workspaces/lab3/install/forward_kinematics/share/forward_kinematics/urdf\n'}
[1.894657] (tf_listener) StdoutLine: {'line': b'Installing tf_listener script to /home/cc/ee106a/fa26/class/ee106a-aej/ros_workspaces/lab3/install/tf_listener/lib/tf_listener\n'}
[1.901056] (-) TimerEvent: {}
[1.901251] (tf_listener) StdoutLine: {'line': b'\n'}
[1.901340] (tf_listener) StdoutLine: {'line': b'Installed /home/cc/ee106a/fa26/class/ee106a-aej/ros_workspaces/lab3/build/tf_listener\n'}
[1.901406] (tf_listener) StdoutLine: {'line': b'running symlink_data\n'}
[1.901579] (tf_listener) StdoutLine: {'line': b'creating /home/cc/ee106a/fa26/class/ee106a-aej/ros_workspaces/lab3/install/tf_listener/share/ament_index\n'}
[1.902604] (tf_listener) StdoutLine: {'line': b'creating /home/cc/ee106a/fa26/class/ee106a-aej/ros_workspaces/lab3/install/tf_listener/share/ament_index/resource_index\n'}
[1.903905] (tf_listener) StdoutLine: {'line': b'creating /home/cc/ee106a/fa26/class/ee106a-aej/ros_workspaces/lab3/install/tf_listener/share/ament_index/resource_index/packages\n'}
[1.905822] (tf_listener) StdoutLine: {'line': b'symbolically linking /home/cc/ee106a/fa26/class/ee106a-aej/ros_workspaces/lab3/build/tf_listener/resource/tf_listener -> /home/cc/ee106a/fa26/class/ee106a-aej/ros_workspaces/lab3/install/tf_listener/share/ament_index/resource_index/packages\n'}
[1.907294] (tf_listener) StdoutLine: {'line': b'symbolically linking /home/cc/ee106a/fa26/class/ee106a-aej/ros_workspaces/lab3/build/tf_listener/package.xml -> /home/cc/ee106a/fa26/class/ee106a-aej/ros_workspaces/lab3/install/tf_listener/share/tf_listener\n'}
[1.908276] (straight_line_interface) StdoutLine: {'line': b'-- Found rosidl_generator_cpp: 3.1.9 (/opt/ros/humble/share/rosidl_generator_cpp/cmake)\n'}
[1.910692] (forward_kinematics) CommandEnded: {'returncode': 0}
[1.942901] (straight_line_interface) StdoutLine: {'line': b'-- Using all available rosidl_typesupport_c: rosidl_typesupport_fastrtps_c;rosidl_typesupport_introspection_c\n'}
[1.978043] (forward_kinematics) JobEnded: {'identifier': 'forward_kinematics', 'rc': 0}
[1.983023] (joint_control) CommandEnded: {'returncode': 0}
[2.000126] (straight_line_interface) StdoutLine: {'line': b'-- Using all available rosidl_typesupport_cpp: rosidl_typesupport_fastrtps_cpp;rosidl_typesupport_introspection_cpp\n'}
[2.001122] (-) TimerEvent: {}
[2.040322] (joint_control) JobEnded: {'identifier': 'joint_control', 'rc': 0}
[2.044743] (tf_listener) CommandEnded: {'returncode': 0}
[2.070430] (straight_line_interface) StdoutLine: {'line': b'-- Found rosidl_default_generators: 1.2.1 (/opt/ros/humble/share/rosidl_default_generators/cmake)\n'}
[2.101201] (-) TimerEvent: {}
[2.101926] (tf_listener) JobEnded: {'identifier': 'tf_listener', 'rc': 0}
[2.201296] (-) TimerEvent: {}
[2.301557] (-) TimerEvent: {}
[2.401923] (-) TimerEvent: {}
[2.502157] (-) TimerEvent: {}
[2.602358] (-) TimerEvent: {}
[2.702548] (-) TimerEvent: {}
[2.802820] (-) TimerEvent: {}
[2.830109] (straight_line_interface) StdoutLine: {'line': b'-- Found ament_cmake_ros: 0.10.0 (/opt/ros/humble/share/ament_cmake_ros/cmake)\n'}
[2.902940] (-) TimerEvent: {}
[3.003219] (-) TimerEvent: {}
[3.103540] (-) TimerEvent: {}
[3.203762] (-) TimerEvent: {}
[3.304042] (-) TimerEvent: {}
[3.404284] (-) TimerEvent: {}
[3.504507] (-) TimerEvent: {}
[3.604788] (-) TimerEvent: {}
[3.705120] (-) TimerEvent: {}
[3.805503] (-) TimerEvent: {}
[3.905781] (-) TimerEvent: {}
[4.006075] (-) TimerEvent: {}
[4.106268] (-) TimerEvent: {}
[4.206457] (-) TimerEvent: {}
[4.306626] (-) TimerEvent: {}
[4.406809] (-) TimerEvent: {}
[4.506991] (-) TimerEvent: {}
[4.607170] (-) TimerEvent: {}
[4.707369] (-) TimerEvent: {}
[4.718594] (straight_line_interface) StdoutLine: {'line': b'-- Using all available rosidl_typesupport_c: rosidl_typesupport_fastrtps_c;rosidl_typesupport_introspection_c\n'}
[4.807464] (-) TimerEvent: {}
[4.907735] (-) TimerEvent: {}
[5.007973] (-) TimerEvent: {}
[5.108190] (-) TimerEvent: {}
[5.208469] (-) TimerEvent: {}
[5.308705] (-) TimerEvent: {}
[5.367697] (straight_line_interface) StdoutLine: {'line': b'-- Using all available rosidl_typesupport_cpp: rosidl_typesupport_fastrtps_cpp;rosidl_typesupport_introspection_cpp\n'}
[5.408768] (-) TimerEvent: {}
[5.409790] (straight_line_interface) StdoutLine: {'line': b'-- Found PythonInterp: /usr/bin/python3 (found suitable version "3.10.12", minimum required is "3.6") \n'}
[5.421625] (straight_line_interface) StdoutLine: {'line': b'-- Found python_cmake_module: 0.10.0 (/opt/ros/humble/share/python_cmake_module/cmake)\n'}
[5.479297] (straight_line_interface) StdoutLine: {'line': b'-- Found PythonLibs: /usr/lib/x86_64-linux-gnu/libpython3.10.so (found suitable version "3.10.12", minimum required is "3.5") \n'}
[5.479581] (straight_line_interface) StdoutLine: {'line': b'-- Using PYTHON_EXECUTABLE: /usr/bin/python3\n'}
[5.480419] (straight_line_interface) StdoutLine: {'line': b'-- Using PYTHON_INCLUDE_DIRS: /usr/include/python3.10\n'}
[5.480481] (straight_line_interface) StdoutLine: {'line': b'-- Using PYTHON_LIBRARIES: /usr/lib/x86_64-linux-gnu/libpython3.10.so\n'}
[5.508860] (-) TimerEvent: {}
[5.519205] (straight_line_interface) StdoutLine: {'line': b'-- Found PythonExtra: .so  \n'}
[5.608931] (-) TimerEvent: {}
[5.709126] (-) TimerEvent: {}
[5.809374] (-) TimerEvent: {}
[5.909555] (-) TimerEvent: {}
[6.009781] (-) TimerEvent: {}
[6.109987] (-) TimerEvent: {}
[6.210207] (-) TimerEvent: {}
[6.286211] (straight_line_interface) StdoutLine: {'line': b'-- Found ament_lint_auto: 0.12.15 (/opt/ros/humble/share/ament_lint_auto/cmake)\n'}
[6.310335] (-) TimerEvent: {}
[6.410570] (-) TimerEvent: {}
[6.510799] (-) TimerEvent: {}
[6.611071] (-) TimerEvent: {}
[6.711371] (-) TimerEvent: {}
[6.811650] (-) TimerEvent: {}
[6.844571] (straight_line_interface) StdoutLine: {'line': b"-- Added test 'lint_cmake' to check CMake code style\n"}
[6.855168] (straight_line_interface) StdoutLine: {'line': b"-- Added test 'xmllint' to check XML markup files\n"}
[6.911764] (-) TimerEvent: {}
[7.011138] (straight_line_interface) StdoutLine: {'line': b'-- Configuring done\n'}
[7.011833] (-) TimerEvent: {}
[7.112484] (-) TimerEvent: {}
[7.212871] (-) TimerEvent: {}
[7.313246] (-) TimerEvent: {}
[7.413505] (-) TimerEvent: {}
[7.513842] (-) TimerEvent: {}
[7.614156] (-) TimerEvent: {}
[7.714343] (-) TimerEvent: {}
[7.814532] (-) TimerEvent: {}
[7.914723] (-) TimerEvent: {}
[7.994690] (straight_line_interface) StdoutLine: {'line': b'-- Generating done\n'}
[8.014804] (-) TimerEvent: {}
[8.114998] (-) TimerEvent: {}
[8.215213] (-) TimerEvent: {}
[8.227256] (straight_line_interface) StdoutLine: {'line': b'-- Build files have been written to: /home/cc/ee106a/fa26/class/ee106a-aej/ros_workspaces/lab3/build/straight_line_interface\n'}
[8.238228] (straight_line_interface) CommandEnded: {'returncode': 0}
[8.238705] (straight_line_interface) JobProgress: {'identifier': 'straight_line_interface', 'progress': 'build'}
[8.239361] (straight_line_interface) Command: {'cmd': ['/usr/bin/cmake', '--build', '/home/cc/ee106a/fa26/class/ee106a-aej/ros_workspaces/lab3/build/straight_line_interface', '--', '-j32', '-l32'], 'cwd': '/home/cc/ee106a/fa26/class/ee106a-aej/ros_workspaces/lab3/build/straight_line_interface', 'env': OrderedDict([('ARCH', 'x86_64'), ('QT_SCALE_FACTOR', '1'), ('USER', 'ee106a-aej'), ('HOSTNAME', 'ros2'), ('XDG_SESSION_TYPE', 'x11'), ('MASTERDIR', '/home/ff/ee106a'), ('COMPIZ_CONFIG_PROFILE', 'mate'), ('XDG_CACHE_HOME', '/home/cc/ee106a/fa26/class/ee106a-aej/.cache'), ('SHLVL', '2'), ('LD_LIBRARY_PATH', '/home/cc/ee106a/fa26/class/ee106a-aej/ros_workspaces/lab3/install/straight_line_interface/lib:/usr/lib/x86_64-linux-gnu/gazebo-11/plugins:/opt/ros/humble/opt/rviz_ogre_vendor/lib:/opt/ros/humble/lib/x86_64-linux-gnu:/opt/ros/humble/lib'), ('HOME', '/home/cc/ee106a/fa26/class/ee106a-aej'), ('OLDPWD', '/home/cc/ee106a/fa26/class/ee106a-aej'), ('DESKTOP_SESSION', 'mate'), ('ROS_PYTHON_VERSION', '3'), ('GTK_MODULES', 'gail:atk-bridge:appmenu-gtk-module:gail:atk-bridge:canberra-gtk-module'), ('EE106_UR_ROBOT_IP', '192.168.1.102'), ('MANAGERPID', '1465393'), ('DISTROBOX_ENTER_PATH', '/usr/local/bin/distrobox-enter'), ('DBUS_STARTER_BUS_TYPE', 'session'), ('SYSTEMD_EXEC_PID', '1465393'), ('NNTPSERVER', 'news.csua.berkeley.edu'), ('VISUAL', 'emacs'), ('XDG_STATE_HOME', '/home/cc/ee106a/fa26/class/ee106a-aej/.local/state'), ('DBUS_SESSION_BUS_ADDRESS', 'unix:path=/run/user/90978/bus,guid=a2a472a95d314ef151893ed26aab493b'), ('COLORTERM', 'truecolor'), ('container', 'podman'), ('UBUNTU_MENUPROXY', '1'), ('QT_QPA_PLATFORMTHEME', 'gtk2'), ('IM_CONFIG_PHASE', '1'), ('COLCON_PREFIX_PATH', '/home/cc/ee106a/fa26/class/ee106a-aej/ros_workspaces/lab3/install:/home/ff/ee106a/robot_workspaces/ur/install'), ('ROS_DISTRO', 'humble'), ('GTK_IM_MODULE', 'ibus'), ('LOGNAME', 'ee106a-aej'), ('MASTER', 'ee106a'), ('WINDOWID', '37748742'), ('JOURNAL_STREAM', '8:23531811'), ('ROS_VERSION', '2'), ('XDG_SESSION_CLASS', 'user'), ('TERMINFO_DIRS', '/usr/share/terminfo:/run/host/usr/share/terminfo'), ('USERNAME', 'ee106a-aej'), ('TERM', 'xterm-256color'), ('GTK_OVERLAY_SCROLLING', '0'), ('ROS_LOCALHOST_ONLY', '0'), ('WINDOWPATH', '2'), ('PATH', '/opt/ros/humble/bin:/share/b/grading/bin:/home/ff/ee106a/bin:/home/ff/ee106a/bin/arch/x86_64:/share/b/grading/bin:/home/ff/ee106a/bin:/home/ff/ee106a/bin/arch/x86_64:/usr/local/sbin:/usr/local/bin:/usr/sbin:/usr/bin:/sbin:/bin:/usr/games:/usr/local/games:/snap/bin:/snap/bin:/share/b/grading/bin:/share/b/grading/sbin:/share/b/runas/x86_64:/share/b/bin:/home/ff/ee106a/venvs/all:/usr/local/sbin:/usr/local/bin:/usr/sbin:/usr/bin:/sbin:/bin:/share/b/grading/bin:/share/b/grading/sbin:/share/b/runas/x86_64:/share/b/bin:/home/ff/ee106a/venvs/all'), ('SESSION_MANAGER', 'local/c105-8:@/tmp/.ICE-unix/1465475,unix/c105-8:/tmp/.ICE-unix/1465475'), ('INVOCATION_ID', '1b6d56a331614233a45e81fca6256b7b'), ('OS', 'Linux'), ('XDG_RUNTIME_DIR', '/run/user/90978'), ('DISPLAY', ':1'), ('LANG', 'en_US.UTF-8'), ('XDG_CURRENT_DESKTOP', 'MATE'), ('XDG_DATA_HOME', '/home/cc/ee106a/fa26/class/ee106a-aej/.local/share'), ('XDG_CONFIG_HOME', '/home/cc/ee106a/fa26/class/ee106a-aej/.config'), ('XMODIFIERS', '@im=ibus'), ('XDG_SESSION_DESKTOP', 'mate'), ('XAUTHORITY', '/run/user/90978/gdm/Xauthority'), ('SSH_AUTH_SOCK', '/run/user/90978/keyring/ssh'), ('ROS_DOMAIN_ID', '28'), ('AMENT_PREFIX_PATH', '/home/cc/ee106a/fa26/class/ee106a-aej/ros_workspaces/lab3/install/tf_listener:/home/cc/ee106a/fa26/class/ee106a-aej/ros_workspaces/lab3/install/straight_line:/home/cc/ee106a/fa26/class/ee106a-aej/ros_workspaces/lab3/install/straight_line_interface:/home/cc/ee106a/fa26/class/ee106a-aej/ros_workspaces/lab3/install/joint_control:/home/cc/ee106a/fa26/class/ee106a-aej/ros_workspaces/lab3/install/forward_kinematics:/home/ff/ee106a/robot_workspaces/ur/install/ur7e_utils:/opt/ros/humble'), ('SHELL', '/usr/bin/bash'), ('QT_ACCESSIBILITY', '1'), ('EE106_UR_ROBOT_NAME', 'astroboy'), ('GDMSESSION', 'mate'), ('RUNAS', '/share/b/runas/x86_64'), ('GPG_AGENT_INFO', '/run/user/90978/gnupg/S.gpg-agent:0:1'), ('CONFIG_SHELL', '/usr/bin/ksh'), ('QT_IM_MODULE', 'ibus'), ('PWD', '/home/cc/ee106a/fa26/class/ee106a-aej/ros_workspaces/lab3/build/straight_line_interface'), ('EE106_ENV_SETUP', 'ur_ros2'), ('CONTAINER_ID', 'ros2'), ('LC_ALL', 'C.UTF-8'), ('XDG_CONFIG_DIRS', '/etc/xdg/xdg-mate:/etc/xdg'), ('CLUTTER_IM_MODULE', 'ibus'), ('DBUS_STARTER_ADDRESS', 'unix:path=/run/user/90978/bus,guid=a2a472a95d314ef151893ed26aab493b'), ('XDG_DATA_DIRS', '/usr/share/mate:/usr/share/mate:/usr/share/gnome:/home/cc/ee106a/fa26/class/ee106a-aej/.local/share/flatpak/exports/share:/var/lib/flatpak/exports/share:/usr/local/share/:/usr/share/:/var/lib/snapd/desktop:/usr/local/share:/usr/share'), ('PYTHONPATH', '/home/cc/ee106a/fa26/class/ee106a-aej/ros_workspaces/lab3/install/tf_listener/lib/python3.10/site-packages:/home/cc/ee106a/fa26/class/ee106a-aej/ros_workspaces/lab3/install/straight_line/lib/python3.10/site-packages:/home/cc/ee106a/fa26/class/ee106a-aej/ros_workspaces/lab3/install/straight_line_interface/local/lib/python3.10/dist-packages:/home/cc/ee106a/fa26/class/ee106a-aej/ros_workspaces/lab3/install/joint_control/lib/python3.10/site-packages:/home/cc/ee106a/fa26/class/ee106a-aej/ros_workspaces/lab3/install/forward_kinematics/lib/python3.10/site-packages:/home/ff/ee106a/robot_workspaces/ur/install/ur7e_utils/lib/python3.10/site-packages:/opt/ros/humble/lib/python3.10/site-packages:/opt/ros/humble/local/lib/python3.10/dist-packages'), ('MATE_DESKTOP_SESSION_ID', 'this-is-deprecated'), ('COLCON', '1'), ('MANPATH', '/usr/local/man:/usr/man:/usr/X11/man:/usr/local/man:/share/b/grading/man:/usr/local/man:/usr/man:/usr/X11/man:/usr/local/man:/share/b/grading/man:'), ('VTE_VERSION', '6800'), ('EDITOR', 'emacs'), ('CMAKE_PREFIX_PATH', '/home/cc/ee106a/fa26/class/ee106a-aej/ros_workspaces/lab3/install/straight_line_interface:/home/cc/ee106a/fa26/class/ee106a-aej/ros_workspaces/lab3/install/tf_listener:/home/cc/ee106a/fa26/class/ee106a-aej/ros_workspaces/lab3/install/straight_line:/home/cc/ee106a/fa26/class/ee106a-aej/ros_workspaces/lab3/install/joint_control:/home/cc/ee106a/fa26/class/ee106a-aej/ros_workspaces/lab3/install/forward_kinematics:/home/ff/ee106a/robot_workspaces/ur/install/ur7e_utils:/opt/ros/humble'), ('QT_FONT_DPI', '122')]), 'shell': False}
[8.315286] (-) TimerEvent: {}
[8.325820] (straight_line_interface) StdoutLine: {'line': b'[  3%] \x1b[34m\x1b[1mGenerating C code for ROS interfaces\x1b[0m\n'}
[8.345610] (straight_line_interface) StdoutLine: {'line': b'[  9%] \x1b[34m\x1b[1mGenerating Rust code for ROS interfaces\x1b[0m\n'}
[8.346677] (straight_line_interface) StdoutLine: {'line': b'[  9%] \x1b[34m\x1b[1mGenerating C++ code for ROS interfaces\x1b[0m\n'}
[8.354759] (straight_line_interface) StdoutLine: {'line': b'[  9%] Built target ament_cmake_python_symlink_straight_line_interface\n'}
[8.415380] (-) TimerEvent: {}
[8.515609] (-) TimerEvent: {}
[8.583371] (straight_line_interface) StdoutLine: {'line': b'[  9%] Built target straight_line_interface__rs\n'}
[8.588768] (straight_line_interface) StdoutLine: {'line': b'running egg_info\n'}
[8.589805] (straight_line_interface) StdoutLine: {'line': b'creating straight_line_interface.egg-info\n'}
[8.591975] (straight_line_interface) StdoutLine: {'line': b'writing straight_line_interface.egg-info/PKG-INFO\n'}
[8.595262] (straight_line_interface) StdoutLine: {'line': b'writing dependency_links to straight_line_interface.egg-info/dependency_links.txt\n'}
[8.598913] (straight_line_interface) StdoutLine: {'line': b'writing top-level names to straight_line_interface.egg-info/top_level.txt\n'}
[8.602025] (straight_line_interface) StdoutLine: {'line': b"writing manifest file 'straight_line_interface.egg-info/SOURCES.txt'\n"}
[8.607538] (straight_line_interface) StdoutLine: {'line': b"reading manifest file 'straight_line_interface.egg-info/SOURCES.txt'\n"}
[8.608563] (straight_line_interface) StdoutLine: {'line': b"writing manifest file 'straight_line_interface.egg-info/SOURCES.txt'\n"}
[8.615671] (-) TimerEvent: {}
[8.630070] (straight_line_interface) StdoutLine: {'line': b'[  9%] Built target ament_cmake_python_build_straight_line_interface_egg\n'}
[8.676218] (straight_line_interface) StdoutLine: {'line': b'[ 12%] \x1b[32mBuilding C object CMakeFiles/straight_line_interface__rosidl_generator_c.dir/rosidl_generator_c/straight_line_interface/action/detail/move_straight__functions.c.o\x1b[0m\n'}
[8.679514] (straight_line_interface) StdoutLine: {'line': b'[ 12%] Built target straight_line_interface__cpp\n'}
[8.708956] (straight_line_interface) StdoutLine: {'line': b'[ 21%] \x1b[34m\x1b[1mGenerating C++ type support for eProsima Fast-RTPS\x1b[0m\n'}
[8.709293] (straight_line_interface) StdoutLine: {'line': b'[ 21%] \x1b[34m\x1b[1mGenerating C++ introspection for ROS interfaces\x1b[0m\n'}
[8.710029] (straight_line_interface) StdoutLine: {'line': b'[ 21%] \x1b[34m\x1b[1mGenerating C++ type support dispatch for ROS interfaces\x1b[0m\n'}
[8.715743] (-) TimerEvent: {}
[8.812691] (straight_line_interface) StdoutLine: {'line': b'[ 25%] \x1b[32m\x1b[1mLinking C shared library libstraight_line_interface__rosidl_generator_c.so\x1b[0m\n'}
[8.815812] (-) TimerEvent: {}
[8.880794] (straight_line_interface) StdoutLine: {'line': b'[ 25%] Built target straight_line_interface__rosidl_generator_c\n'}
[8.901615] (straight_line_interface) StdoutLine: {'line': b'[ 34%] \x1b[34m\x1b[1mGenerating C type support for eProsima Fast-RTPS\x1b[0m\n'}
[8.902053] (straight_line_interface) StdoutLine: {'line': b'[ 34%] \x1b[34m\x1b[1mGenerating C type support dispatch for ROS interfaces\x1b[0m\n'}
[8.902579] (straight_line_interface) StdoutLine: {'line': b'[ 34%] \x1b[34m\x1b[1mGenerating C introspection for ROS interfaces\x1b[0m\n'}
[8.915902] (-) TimerEvent: {}
[8.939694] (straight_line_interface) StdoutLine: {'line': b'[ 37%] \x1b[32mBuilding CXX object CMakeFiles/straight_line_interface__rosidl_typesupport_cpp.dir/rosidl_typesupport_cpp/straight_line_interface/action/move_straight__type_support.cpp.o\x1b[0m\n'}
[9.011558] (straight_line_interface) StdoutLine: {'line': b'[ 43%] \x1b[32mBuilding CXX object CMakeFiles/straight_line_interface__rosidl_typesupport_introspection_cpp.dir/rosidl_typesupport_introspection_cpp/straight_line_interface/action/detail/move_straight__type_support.cpp.o\x1b[0m\n'}
[9.012110] (straight_line_interface) StdoutLine: {'line': b'[ 43%] \x1b[32mBuilding CXX object CMakeFiles/straight_line_interface__rosidl_typesupport_fastrtps_cpp.dir/rosidl_typesupport_fastrtps_cpp/straight_line_interface/action/detail/dds_fastrtps/move_straight__type_support.cpp.o\x1b[0m\n'}
[9.015992] (-) TimerEvent: {}
[9.116189] (-) TimerEvent: {}
[9.139331] (straight_line_interface) StdoutLine: {'line': b'[ 46%] \x1b[32mBuilding CXX object CMakeFiles/straight_line_interface__rosidl_typesupport_c.dir/rosidl_typesupport_c/straight_line_interface/action/move_straight__type_support.cpp.o\x1b[0m\n'}
[9.194325] (straight_line_interface) StdoutLine: {'line': b'[ 50%] \x1b[32mBuilding C object CMakeFiles/straight_line_interface__rosidl_typesupport_introspection_c.dir/rosidl_typesupport_introspection_c/straight_line_interface/action/detail/move_straight__type_support.c.o\x1b[0m\n'}
[9.201141] (straight_line_interface) StdoutLine: {'line': b'[ 53%] \x1b[32m\x1b[1mLinking CXX shared library libstraight_line_interface__rosidl_typesupport_c.so\x1b[0m\n'}
[9.216282] (-) TimerEvent: {}
[9.218622] (straight_line_interface) StdoutLine: {'line': b'[ 56%] \x1b[32mBuilding CXX object CMakeFiles/straight_line_interface__rosidl_typesupport_fastrtps_c.dir/rosidl_typesupport_fastrtps_c/straight_line_interface/action/detail/move_straight__type_support_c.cpp.o\x1b[0m\n'}
[9.265690] (straight_line_interface) StdoutLine: {'line': b'[ 59%] \x1b[32m\x1b[1mLinking C shared library libstraight_line_interface__rosidl_typesupport_introspection_c.so\x1b[0m\n'}
[9.267893] (straight_line_interface) StdoutLine: {'line': b'[ 59%] Built target straight_line_interface__rosidl_typesupport_c\n'}
[9.316378] (-) TimerEvent: {}
[9.327898] (straight_line_interface) StdoutLine: {'line': b'[ 62%] Built target straight_line_interface__rosidl_typesupport_introspection_c\n'}
[9.328755] (straight_line_interface) StdoutLine: {'line': b'[ 62%] \x1b[32m\x1b[1mLinking CXX shared library libstraight_line_interface__rosidl_typesupport_cpp.so\x1b[0m\n'}
[9.395038] (straight_line_interface) StdoutLine: {'line': b'[ 62%] Built target straight_line_interface__rosidl_typesupport_cpp\n'}
[9.416455] (-) TimerEvent: {}
[9.444613] (straight_line_interface) StdoutLine: {'line': b'[ 65%] \x1b[32m\x1b[1mLinking CXX shared library libstraight_line_interface__rosidl_typesupport_fastrtps_cpp.so\x1b[0m\n'}
[9.480216] (straight_line_interface) StdoutLine: {'line': b'[ 68%] \x1b[32m\x1b[1mLinking CXX shared library libstraight_line_interface__rosidl_typesupport_introspection_cpp.so\x1b[0m\n'}
[9.516552] (-) TimerEvent: {}
[9.528050] (straight_line_interface) StdoutLine: {'line': b'[ 71%] \x1b[32m\x1b[1mLinking CXX shared library libstraight_line_interface__rosidl_typesupport_fastrtps_c.so\x1b[0m\n'}
[9.536096] (straight_line_interface) StdoutLine: {'line': b'[ 71%] Built target straight_line_interface__rosidl_typesupport_fastrtps_cpp\n'}
[9.563465] (straight_line_interface) StdoutLine: {'line': b'[ 71%] Built target straight_line_interface__rosidl_typesupport_introspection_cpp\n'}
[9.616644] (-) TimerEvent: {}
[9.621924] (straight_line_interface) StdoutLine: {'line': b'[ 71%] Built target straight_line_interface__rosidl_typesupport_fastrtps_c\n'}
[9.656580] (straight_line_interface) StdoutLine: {'line': b'[ 71%] Built target straight_line_interface\n'}
[9.706246] (straight_line_interface) StdoutLine: {'line': b'[ 75%] \x1b[34m\x1b[1mGenerating Python code for ROS interfaces\x1b[0m\n'}
[9.716727] (-) TimerEvent: {}
[9.816985] (-) TimerEvent: {}
[9.917158] (-) TimerEvent: {}
[10.017323] (-) TimerEvent: {}
[10.117500] (-) TimerEvent: {}
[10.217718] (-) TimerEvent: {}
[10.222656] (straight_line_interface) StdoutLine: {'line': b'[ 75%] Built target straight_line_interface__py\n'}
[10.268596] (straight_line_interface) StdoutLine: {'line': b'[ 78%] \x1b[32mBuilding C object CMakeFiles/straight_line_interface__rosidl_generator_py.dir/rosidl_generator_py/straight_line_interface/action/_move_straight_s.c.o\x1b[0m\n'}
[10.317813] (-) TimerEvent: {}
[10.418140] (-) TimerEvent: {}
[10.425707] (straight_line_interface) StdoutLine: {'line': b'[ 81%] \x1b[32m\x1b[1mLinking C shared library rosidl_generator_py/straight_line_interface/libstraight_line_interface__rosidl_generator_py.so\x1b[0m\n'}
[10.517270] (straight_line_interface) StdoutLine: {'line': b'[ 81%] Built target straight_line_interface__rosidl_generator_py\n'}
[10.518206] (-) TimerEvent: {}
[10.559633] (straight_line_interface) StdoutLine: {'line': b'[ 87%] \x1b[32mBuilding C object CMakeFiles/straight_line_interface__rosidl_typesupport_c__pyext.dir/rosidl_generator_py/straight_line_interface/_straight_line_interface_s.ep.rosidl_typesupport_c.c.o\x1b[0m\n'}
[10.560181] (straight_line_interface) StdoutLine: {'line': b'[ 87%] \x1b[32mBuilding C object CMakeFiles/straight_line_interface__rosidl_typesupport_fastrtps_c__pyext.dir/rosidl_generator_py/straight_line_interface/_straight_line_interface_s.ep.rosidl_typesupport_fastrtps_c.c.o\x1b[0m\n'}
[10.565496] (straight_line_interface) StdoutLine: {'line': b'[ 90%] \x1b[32mBuilding C object CMakeFiles/straight_line_interface__rosidl_typesupport_introspection_c__pyext.dir/rosidl_generator_py/straight_line_interface/_straight_line_interface_s.ep.rosidl_typesupport_introspection_c.c.o\x1b[0m\n'}
[10.618288] (-) TimerEvent: {}
[10.705366] (straight_line_interface) StdoutLine: {'line': b'[100%] \x1b[32m\x1b[1mLinking C shared library rosidl_generator_py/straight_line_interface/straight_line_interface_s__rosidl_typesupport_fastrtps_c.cpython-310-x86_64-linux-gnu.so\x1b[0m\n'}
[10.705668] (straight_line_interface) StdoutLine: {'line': b'[100%] \x1b[32m\x1b[1mLinking C shared library rosidl_generator_py/straight_line_interface/straight_line_interface_s__rosidl_typesupport_c.cpython-310-x86_64-linux-gnu.so\x1b[0m\n'}
[10.706272] (straight_line_interface) StdoutLine: {'line': b'[100%] \x1b[32m\x1b[1mLinking C shared library rosidl_generator_py/straight_line_interface/straight_line_interface_s__rosidl_typesupport_introspection_c.cpython-310-x86_64-linux-gnu.so\x1b[0m\n'}
[10.718369] (-) TimerEvent: {}
[10.781882] (straight_line_interface) StdoutLine: {'line': b'[100%] Built target straight_line_interface__rosidl_typesupport_introspection_c__pyext\n'}
[10.782088] (straight_line_interface) StdoutLine: {'line': b'[100%] Built target straight_line_interface__rosidl_typesupport_c__pyext\n'}
[10.782159] (straight_line_interface) StdoutLine: {'line': b'[100%] Built target straight_line_interface__rosidl_typesupport_fastrtps_c__pyext\n'}
[10.818465] (-) TimerEvent: {}
[10.840638] (straight_line_interface) CommandEnded: {'returncode': 0}
[10.841719] (straight_line_interface) JobProgress: {'identifier': 'straight_line_interface', 'progress': 'install'}
[10.854658] (straight_line_interface) Command: {'cmd': ['/usr/bin/cmake', '--install', '/home/cc/ee106a/fa26/class/ee106a-aej/ros_workspaces/lab3/build/straight_line_interface'], 'cwd': '/home/cc/ee106a/fa26/class/ee106a-aej/ros_workspaces/lab3/build/straight_line_interface', 'env': OrderedDict([('ARCH', 'x86_64'), ('QT_SCALE_FACTOR', '1'), ('USER', 'ee106a-aej'), ('HOSTNAME', 'ros2'), ('XDG_SESSION_TYPE', 'x11'), ('MASTERDIR', '/home/ff/ee106a'), ('COMPIZ_CONFIG_PROFILE', 'mate'), ('XDG_CACHE_HOME', '/home/cc/ee106a/fa26/class/ee106a-aej/.cache'), ('SHLVL', '2'), ('LD_LIBRARY_PATH', '/home/cc/ee106a/fa26/class/ee106a-aej/ros_workspaces/lab3/install/straight_line_interface/lib:/usr/lib/x86_64-linux-gnu/gazebo-11/plugins:/opt/ros/humble/opt/rviz_ogre_vendor/lib:/opt/ros/humble/lib/x86_64-linux-gnu:/opt/ros/humble/lib'), ('HOME', '/home/cc/ee106a/fa26/class/ee106a-aej'), ('OLDPWD', '/home/cc/ee106a/fa26/class/ee106a-aej'), ('DESKTOP_SESSION', 'mate'), ('ROS_PYTHON_VERSION', '3'), ('GTK_MODULES', 'gail:atk-bridge:appmenu-gtk-module:gail:atk-bridge:canberra-gtk-module'), ('EE106_UR_ROBOT_IP', '192.168.1.102'), ('MANAGERPID', '1465393'), ('DISTROBOX_ENTER_PATH', '/usr/local/bin/distrobox-enter'), ('DBUS_STARTER_BUS_TYPE', 'session'), ('SYSTEMD_EXEC_PID', '1465393'), ('NNTPSERVER', 'news.csua.berkeley.edu'), ('VISUAL', 'emacs'), ('XDG_STATE_HOME', '/home/cc/ee106a/fa26/class/ee106a-aej/.local/state'), ('DBUS_SESSION_BUS_ADDRESS', 'unix:path=/run/user/90978/bus,guid=a2a472a95d314ef151893ed26aab493b'), ('COLORTERM', 'truecolor'), ('container', 'podman'), ('UBUNTU_MENUPROXY', '1'), ('QT_QPA_PLATFORMTHEME', 'gtk2'), ('IM_CONFIG_PHASE', '1'), ('COLCON_PREFIX_PATH', '/home/cc/ee106a/fa26/class/ee106a-aej/ros_workspaces/lab3/install:/home/ff/ee106a/robot_workspaces/ur/install'), ('ROS_DISTRO', 'humble'), ('GTK_IM_MODULE', 'ibus'), ('LOGNAME', 'ee106a-aej'), ('MASTER', 'ee106a'), ('WINDOWID', '37748742'), ('JOURNAL_STREAM', '8:23531811'), ('ROS_VERSION', '2'), ('XDG_SESSION_CLASS', 'user'), ('TERMINFO_DIRS', '/usr/share/terminfo:/run/host/usr/share/terminfo'), ('USERNAME', 'ee106a-aej'), ('TERM', 'xterm-256color'), ('GTK_OVERLAY_SCROLLING', '0'), ('ROS_LOCALHOST_ONLY', '0'), ('WINDOWPATH', '2'), ('PATH', '/opt/ros/humble/bin:/share/b/grading/bin:/home/ff/ee106a/bin:/home/ff/ee106a/bin/arch/x86_64:/share/b/grading/bin:/home/ff/ee106a/bin:/home/ff/ee106a/bin/arch/x86_64:/usr/local/sbin:/usr/local/bin:/usr/sbin:/usr/bin:/sbin:/bin:/usr/games:/usr/local/games:/snap/bin:/snap/bin:/share/b/grading/bin:/share/b/grading/sbin:/share/b/runas/x86_64:/share/b/bin:/home/ff/ee106a/venvs/all:/usr/local/sbin:/usr/local/bin:/usr/sbin:/usr/bin:/sbin:/bin:/share/b/grading/bin:/share/b/grading/sbin:/share/b/runas/x86_64:/share/b/bin:/home/ff/ee106a/venvs/all'), ('SESSION_MANAGER', 'local/c105-8:@/tmp/.ICE-unix/1465475,unix/c105-8:/tmp/.ICE-unix/1465475'), ('INVOCATION_ID', '1b6d56a331614233a45e81fca6256b7b'), ('OS', 'Linux'), ('XDG_RUNTIME_DIR', '/run/user/90978'), ('DISPLAY', ':1'), ('LANG', 'en_US.UTF-8'), ('XDG_CURRENT_DESKTOP', 'MATE'), ('XDG_DATA_HOME', '/home/cc/ee106a/fa26/class/ee106a-aej/.local/share'), ('XDG_CONFIG_HOME', '/home/cc/ee106a/fa26/class/ee106a-aej/.config'), ('XMODIFIERS', '@im=ibus'), ('XDG_SESSION_DESKTOP', 'mate'), ('XAUTHORITY', '/run/user/90978/gdm/Xauthority'), ('SSH_AUTH_SOCK', '/run/user/90978/keyring/ssh'), ('ROS_DOMAIN_ID', '28'), ('AMENT_PREFIX_PATH', '/home/cc/ee106a/fa26/class/ee106a-aej/ros_workspaces/lab3/install/tf_listener:/home/cc/ee106a/fa26/class/ee106a-aej/ros_workspaces/lab3/install/straight_line:/home/cc/ee106a/fa26/class/ee106a-aej/ros_workspaces/lab3/install/straight_line_interface:/home/cc/ee106a/fa26/class/ee106a-aej/ros_workspaces/lab3/install/joint_control:/home/cc/ee106a/fa26/class/ee106a-aej/ros_workspaces/lab3/install/forward_kinematics:/home/ff/ee106a/robot_workspaces/ur/install/ur7e_utils:/opt/ros/humble'), ('SHELL', '/usr/bin/bash'), ('QT_ACCESSIBILITY', '1'), ('EE106_UR_ROBOT_NAME', 'astroboy'), ('GDMSESSION', 'mate'), ('RUNAS', '/share/b/runas/x86_64'), ('GPG_AGENT_INFO', '/run/user/90978/gnupg/S.gpg-agent:0:1'), ('CONFIG_SHELL', '/usr/bin/ksh'), ('QT_IM_MODULE', 'ibus'), ('PWD', '/home/cc/ee106a/fa26/class/ee106a-aej/ros_workspaces/lab3/build/straight_line_interface'), ('EE106_ENV_SETUP', 'ur_ros2'), ('CONTAINER_ID', 'ros2'), ('LC_ALL', 'C.UTF-8'), ('XDG_CONFIG_DIRS', '/etc/xdg/xdg-mate:/etc/xdg'), ('CLUTTER_IM_MODULE', 'ibus'), ('DBUS_STARTER_ADDRESS', 'unix:path=/run/user/90978/bus,guid=a2a472a95d314ef151893ed26aab493b'), ('XDG_DATA_DIRS', '/usr/share/mate:/usr/share/mate:/usr/share/gnome:/home/cc/ee106a/fa26/class/ee106a-aej/.local/share/flatpak/exports/share:/var/lib/flatpak/exports/share:/usr/local/share/:/usr/share/:/var/lib/snapd/desktop:/usr/local/share:/usr/share'), ('PYTHONPATH', '/home/cc/ee106a/fa26/class/ee106a-aej/ros_workspaces/lab3/install/tf_listener/lib/python3.10/site-packages:/home/cc/ee106a/fa26/class/ee106a-aej/ros_workspaces/lab3/install/straight_line/lib/python3.10/site-packages:/home/cc/ee106a/fa26/class/ee106a-aej/ros_workspaces/lab3/install/straight_line_interface/local/lib/python3.10/dist-packages:/home/cc/ee106a/fa26/class/ee106a-aej/ros_workspaces/lab3/install/joint_control/lib/python3.10/site-packages:/home/cc/ee106a/fa26/class/ee106a-aej/ros_workspaces/lab3/install/forward_kinematics/lib/python3.10/site-packages:/home/ff/ee106a/robot_workspaces/ur/install/ur7e_utils/lib/python3.10/site-packages:/opt/ros/humble/lib/python3.10/site-packages:/opt/ros/humble/local/lib/python3.10/dist-packages'), ('MATE_DESKTOP_SESSION_ID', 'this-is-deprecated'), ('COLCON', '1'), ('MANPATH', '/usr/local/man:/usr/man:/usr/X11/man:/usr/local/man:/share/b/grading/man:/usr/local/man:/usr/man:/usr/X11/man:/usr/local/man:/share/b/grading/man:'), ('VTE_VERSION', '6800'), ('EDITOR', 'emacs'), ('CMAKE_PREFIX_PATH', '/home/cc/ee106a/fa26/class/ee106a-aej/ros_workspaces/lab3/install/straight_line_interface:/home/cc/ee106a/fa26/class/ee106a-aej/ros_workspaces/lab3/install/tf_listener:/home/cc/ee106a/fa26/class/ee106a-aej/ros_workspaces/lab3/install/straight_line:/home/cc/ee106a/fa26/class/ee106a-aej/ros_workspaces/lab3/install/joint_control:/home/cc/ee106a/fa26/class/ee106a-aej/ros_workspaces/lab3/install/forward_kinematics:/home/ff/ee106a/robot_workspaces/ur/install/ur7e_utils:/opt/ros/humble'), ('QT_FONT_DPI', '122')]), 'shell': False}
[10.865557] (straight_line_interface) StdoutLine: {'line': b'-- Install configuration: ""\n'}
[10.868558] (straight_line_interface) StdoutLine: {'line': b'-- Execute custom install script\n'}
[10.879551] (straight_line_interface) StdoutLine: {'line': b'-- Symlinking: /home/cc/ee106a/fa26/class/ee106a-aej/ros_workspaces/lab3/install/straight_line_interface/share/ament_index/resource_index/rosidl_interfaces/straight_line_interface\n'}
[10.906785] (straight_line_interface) StdoutLine: {'line': b'-- Symlinking: /home/cc/ee106a/fa26/class/ee106a-aej/ros_workspaces/lab3/install/straight_line_interface/include/straight_line_interface/straight_line_interface/action/detail/move_straight__functions.h\n'}
[10.918534] (-) TimerEvent: {}
[10.919590] (straight_line_interface) StdoutLine: {'line': b'-- Symlinking: /home/cc/ee106a/fa26/class/ee106a-aej/ros_workspaces/lab3/install/straight_line_interface/include/straight_line_interface/straight_line_interface/action/detail/move_straight__struct.h\n'}
[10.931413] (straight_line_interface) StdoutLine: {'line': b'-- Symlinking: /home/cc/ee106a/fa26/class/ee106a-aej/ros_workspaces/lab3/install/straight_line_interface/include/straight_line_interface/straight_line_interface/action/detail/move_straight__type_support.h\n'}
[10.943927] (straight_line_interface) StdoutLine: {'line': b'-- Symlinking: /home/cc/ee106a/fa26/class/ee106a-aej/ros_workspaces/lab3/install/straight_line_interface/include/straight_line_interface/straight_line_interface/action/move_straight.h\n'}
[10.966585] (straight_line_interface) StdoutLine: {'line': b'-- Symlinking: /home/cc/ee106a/fa26/class/ee106a-aej/ros_workspaces/lab3/install/straight_line_interface/include/straight_line_interface/straight_line_interface/msg/rosidl_generator_c__visibility_control.h\n'}
[10.986891] (straight_line_interface) StdoutLine: {'line': b'-- Symlinking: /home/cc/ee106a/fa26/class/ee106a-aej/ros_workspaces/lab3/install/straight_line_interface/share/straight_line_interface/environment/library_path.sh\n'}
[10.999694] (straight_line_interface) StdoutLine: {'line': b'-- Symlinking: /home/cc/ee106a/fa26/class/ee106a-aej/ros_workspaces/lab3/install/straight_line_interface/share/straight_line_interface/environment/library_path.dsv\n'}
[11.014453] (straight_line_interface) StdoutLine: {'line': b'-- Symlinking: /home/cc/ee106a/fa26/class/ee106a-aej/ros_workspaces/lab3/install/straight_line_interface/include/straight_line_interface/straight_line_interface/action/detail/move_straight__rosidl_typesupport_fastrtps_c.h\n'}
[11.018608] (-) TimerEvent: {}
[11.027661] (straight_line_interface) StdoutLine: {'line': b'-- Symlinking: /home/cc/ee106a/fa26/class/ee106a-aej/ros_workspaces/lab3/install/straight_line_interface/include/straight_line_interface/straight_line_interface/msg/rosidl_typesupport_fastrtps_c__visibility_control.h\n'}
[11.041343] (straight_line_interface) StdoutLine: {'line': b'-- Symlinking: /home/cc/ee106a/fa26/class/ee106a-aej/ros_workspaces/lab3/install/straight_line_interface/include/straight_line_interface/straight_line_interface/action/detail/move_straight__builder.hpp\n'}
[11.053691] (straight_line_interface) StdoutLine: {'line': b'-- Symlinking: /home/cc/ee106a/fa26/class/ee106a-aej/ros_workspaces/lab3/install/straight_line_interface/include/straight_line_interface/straight_line_interface/action/detail/move_straight__struct.hpp\n'}
[11.065432] (straight_line_interface) StdoutLine: {'line': b'-- Symlinking: /home/cc/ee106a/fa26/class/ee106a-aej/ros_workspaces/lab3/install/straight_line_interface/include/straight_line_interface/straight_line_interface/action/detail/move_straight__traits.hpp\n'}
[11.076703] (straight_line_interface) StdoutLine: {'line': b'-- Symlinking: /home/cc/ee106a/fa26/class/ee106a-aej/ros_workspaces/lab3/install/straight_line_interface/include/straight_line_interface/straight_line_interface/action/detail/move_straight__type_support.hpp\n'}
[11.090371] (straight_line_interface) StdoutLine: {'line': b'-- Symlinking: /home/cc/ee106a/fa26/class/ee106a-aej/ros_workspaces/lab3/install/straight_line_interface/include/straight_line_interface/straight_line_interface/action/move_straight.hpp\n'}
[11.113692] (straight_line_interface) StdoutLine: {'line': b'-- Symlinking: /home/cc/ee106a/fa26/class/ee106a-aej/ros_workspaces/lab3/install/straight_line_interface/include/straight_line_interface/straight_line_interface/msg/rosidl_generator_cpp__visibility_control.hpp\n'}
[11.118686] (-) TimerEvent: {}
[11.130621] (straight_line_interface) StdoutLine: {'line': b'-- Symlinking: /home/cc/ee106a/fa26/class/ee106a-aej/ros_workspaces/lab3/install/straight_line_interface/include/straight_line_interface/straight_line_interface/action/detail/move_straight__rosidl_typesupport_fastrtps_cpp.hpp\n'}
[11.144136] (straight_line_interface) StdoutLine: {'line': b'-- Symlinking: /home/cc/ee106a/fa26/class/ee106a-aej/ros_workspaces/lab3/install/straight_line_interface/include/straight_line_interface/straight_line_interface/msg/rosidl_typesupport_fastrtps_cpp__visibility_control.h\n'}
[11.162065] (straight_line_interface) StdoutLine: {'line': b'-- Symlinking: /home/cc/ee106a/fa26/class/ee106a-aej/ros_workspaces/lab3/install/straight_line_interface/include/straight_line_interface/straight_line_interface/action/detail/move_straight__rosidl_typesupport_introspection_c.h\n'}
[11.178801] (straight_line_interface) StdoutLine: {'line': b'-- Symlinking: /home/cc/ee106a/fa26/class/ee106a-aej/ros_workspaces/lab3/install/straight_line_interface/include/straight_line_interface/straight_line_interface/msg/rosidl_typesupport_introspection_c__visibility_control.h\n'}
[11.192509] (straight_line_interface) StdoutLine: {'line': b'-- Symlinking: /home/cc/ee106a/fa26/class/ee106a-aej/ros_workspaces/lab3/install/straight_line_interface/include/straight_line_interface/straight_line_interface/action/detail/move_straight__rosidl_typesupport_introspection_cpp.hpp\n'}
[11.217862] (straight_line_interface) StdoutLine: {'line': b'-- Symlinking: /home/cc/ee106a/fa26/class/ee106a-aej/ros_workspaces/lab3/install/straight_line_interface/share/straight_line_interface/environment/pythonpath.sh\n'}
[11.218762] (-) TimerEvent: {}
[11.233916] (straight_line_interface) StdoutLine: {'line': b'-- Symlinking: /home/cc/ee106a/fa26/class/ee106a-aej/ros_workspaces/lab3/install/straight_line_interface/share/straight_line_interface/environment/pythonpath.dsv\n'}
[11.258888] (straight_line_interface) StdoutLine: {'line': b'-- Symlinking: /home/cc/ee106a/fa26/class/ee106a-aej/ros_workspaces/lab3/install/straight_line_interface/local/lib/python3.10/dist-packages/straight_line_interface-0.0.0-py3.10.egg-info/PKG-INFO\n'}
[11.271313] (straight_line_interface) StdoutLine: {'line': b'-- Symlinking: /home/cc/ee106a/fa26/class/ee106a-aej/ros_workspaces/lab3/install/straight_line_interface/local/lib/python3.10/dist-packages/straight_line_interface-0.0.0-py3.10.egg-info/SOURCES.txt\n'}
[11.291226] (straight_line_interface) StdoutLine: {'line': b'-- Symlinking: /home/cc/ee106a/fa26/class/ee106a-aej/ros_workspaces/lab3/install/straight_line_interface/local/lib/python3.10/dist-packages/straight_line_interface-0.0.0-py3.10.egg-info/dependency_links.txt\n'}
[11.313838] (straight_line_interface) StdoutLine: {'line': b'-- Symlinking: /home/cc/ee106a/fa26/class/ee106a-aej/ros_workspaces/lab3/install/straight_line_interface/local/lib/python3.10/dist-packages/straight_line_interface-0.0.0-py3.10.egg-info/top_level.txt\n'}
[11.318830] (-) TimerEvent: {}
[11.335937] (straight_line_interface) StdoutLine: {'line': b'-- Symlinking: /home/cc/ee106a/fa26/class/ee106a-aej/ros_workspaces/lab3/install/straight_line_interface/local/lib/python3.10/dist-packages/straight_line_interface/__init__.py\n'}
[11.357027] (straight_line_interface) StdoutLine: {'line': b'-- Symlinking: /home/cc/ee106a/fa26/class/ee106a-aej/ros_workspaces/lab3/install/straight_line_interface/local/lib/python3.10/dist-packages/straight_line_interface/_straight_line_interface_s.ep.rosidl_typesupport_c.c\n'}
[11.367737] (straight_line_interface) StdoutLine: {'line': b'-- Symlinking: /home/cc/ee106a/fa26/class/ee106a-aej/ros_workspaces/lab3/install/straight_line_interface/local/lib/python3.10/dist-packages/straight_line_interface/_straight_line_interface_s.ep.rosidl_typesupport_fastrtps_c.c\n'}
[11.379003] (straight_line_interface) StdoutLine: {'line': b'-- Symlinking: /home/cc/ee106a/fa26/class/ee106a-aej/ros_workspaces/lab3/install/straight_line_interface/local/lib/python3.10/dist-packages/straight_line_interface/_straight_line_interface_s.ep.rosidl_typesupport_introspection_c.c\n'}
[11.395030] (straight_line_interface) StdoutLine: {'line': b'-- Symlinking: /home/cc/ee106a/fa26/class/ee106a-aej/ros_workspaces/lab3/install/straight_line_interface/local/lib/python3.10/dist-packages/straight_line_interface/action/__init__.py\n'}
[11.407616] (straight_line_interface) StdoutLine: {'line': b'-- Symlinking: /home/cc/ee106a/fa26/class/ee106a-aej/ros_workspaces/lab3/install/straight_line_interface/local/lib/python3.10/dist-packages/straight_line_interface/action/_move_straight.py\n'}
[11.418911] (-) TimerEvent: {}
[11.426560] (straight_line_interface) StdoutLine: {'line': b'-- Symlinking: /home/cc/ee106a/fa26/class/ee106a-aej/ros_workspaces/lab3/install/straight_line_interface/local/lib/python3.10/dist-packages/straight_line_interface/action/_move_straight_s.c\n'}
[11.440932] (straight_line_interface) StdoutLine: {'line': b'-- Symlinking: /home/cc/ee106a/fa26/class/ee106a-aej/ros_workspaces/lab3/install/straight_line_interface/local/lib/python3.10/dist-packages/straight_line_interface/libstraight_line_interface__rosidl_generator_py.so\n'}
[11.464329] (straight_line_interface) StdoutLine: {'line': b'-- Symlinking: /home/cc/ee106a/fa26/class/ee106a-aej/ros_workspaces/lab3/install/straight_line_interface/local/lib/python3.10/dist-packages/straight_line_interface/straight_line_interface_s__rosidl_typesupport_c.cpython-310-x86_64-linux-gnu.so\n'}
[11.477705] (straight_line_interface) StdoutLine: {'line': b'-- Symlinking: /home/cc/ee106a/fa26/class/ee106a-aej/ros_workspaces/lab3/install/straight_line_interface/local/lib/python3.10/dist-packages/straight_line_interface/straight_line_interface_s__rosidl_typesupport_fastrtps_c.cpython-310-x86_64-linux-gnu.so\n'}
[11.490366] (straight_line_interface) StdoutLine: {'line': b'-- Symlinking: /home/cc/ee106a/fa26/class/ee106a-aej/ros_workspaces/lab3/install/straight_line_interface/local/lib/python3.10/dist-packages/straight_line_interface/straight_line_interface_s__rosidl_typesupport_introspection_c.cpython-310-x86_64-linux-gnu.so\n'}
[11.504256] (straight_line_interface) StdoutLine: {'line': b'-- Up-to-date symlink: /home/cc/ee106a/fa26/class/ee106a-aej/ros_workspaces/lab3/install/straight_line_interface/local/lib/python3.10/dist-packages/straight_line_interface/straight_line_interface_s__rosidl_typesupport_fastrtps_c.cpython-310-x86_64-linux-gnu.so\n'}
[11.505844] (straight_line_interface) StdoutLine: {'line': b'-- Up-to-date symlink: /home/cc/ee106a/fa26/class/ee106a-aej/ros_workspaces/lab3/install/straight_line_interface/local/lib/python3.10/dist-packages/straight_line_interface/straight_line_interface_s__rosidl_typesupport_introspection_c.cpython-310-x86_64-linux-gnu.so\n'}
[11.507676] (straight_line_interface) StdoutLine: {'line': b'-- Up-to-date symlink: /home/cc/ee106a/fa26/class/ee106a-aej/ros_workspaces/lab3/install/straight_line_interface/local/lib/python3.10/dist-packages/straight_line_interface/straight_line_interface_s__rosidl_typesupport_c.cpython-310-x86_64-linux-gnu.so\n'}
[11.513905] (straight_line_interface) StdoutLine: {'line': b'-- Symlinking: /home/cc/ee106a/fa26/class/ee106a-aej/ros_workspaces/lab3/install/straight_line_interface/share/ament_index/resource_index/rust_packages/straight_line_interface\n'}
[11.518990] (-) TimerEvent: {}
[11.535051] (straight_line_interface) StdoutLine: {'line': b'-- Symlinking: /home/cc/ee106a/fa26/class/ee106a-aej/ros_workspaces/lab3/install/straight_line_interface/share/straight_line_interface/rust/Cargo.toml\n'}
[11.547881] (straight_line_interface) StdoutLine: {'line': b'-- Symlinking: /home/cc/ee106a/fa26/class/ee106a-aej/ros_workspaces/lab3/install/straight_line_interface/share/straight_line_interface/rust/build.rs\n'}
[11.568862] (straight_line_interface) StdoutLine: {'line': b'-- Symlinking: /home/cc/ee106a/fa26/class/ee106a-aej/ros_workspaces/lab3/install/straight_line_interface/share/straight_line_interface/rust/src/action.rs\n'}
[11.592193] (straight_line_interface) StdoutLine: {'line': b'-- Symlinking: /home/cc/ee106a/fa26/class/ee106a-aej/ros_workspaces/lab3/install/straight_line_interface/share/straight_line_interface/rust/src/action/rmw.rs\n'}
[11.612044] (straight_line_interface) StdoutLine: {'line': b'-- Symlinking: /home/cc/ee106a/fa26/class/ee106a-aej/ros_workspaces/lab3/install/straight_line_interface/share/straight_line_interface/rust/src/lib.rs\n'}
[11.619085] (-) TimerEvent: {}
[11.636699] (straight_line_interface) StdoutLine: {'line': b'-- Symlinking: /home/cc/ee106a/fa26/class/ee106a-aej/ros_workspaces/lab3/install/straight_line_interface/share/straight_line_interface/action/MoveStraight.idl\n'}
[11.651859] (straight_line_interface) StdoutLine: {'line': b'-- Symlinking: /home/cc/ee106a/fa26/class/ee106a-aej/ros_workspaces/lab3/install/straight_line_interface/share/straight_line_interface/action/MoveStraight.action\n'}
[11.671840] (straight_line_interface) StdoutLine: {'line': b'-- Symlinking: /home/cc/ee106a/fa26/class/ee106a-aej/ros_workspaces/lab3/install/straight_line_interface/share/ament_index/resource_index/package_run_dependencies/straight_line_interface\n'}
[11.690928] (straight_line_interface) StdoutLine: {'line': b'-- Symlinking: /home/cc/ee106a/fa26/class/ee106a-aej/ros_workspaces/lab3/install/straight_line_interface/share/ament_index/resource_index/parent_prefix_path/straight_line_interface\n'}
[11.706162] (straight_line_interface) StdoutLine: {'line': b'-- Symlinking: /home/cc/ee106a/fa26/class/ee106a-aej/ros_workspaces/lab3/install/straight_line_interface/share/straight_line_interface/environment/ament_prefix_path.sh\n'}
[11.719148] (-) TimerEvent: {}
[11.728200] (straight_line_interface) StdoutLine: {'line': b'-- Symlinking: /home/cc/ee106a/fa26/class/ee106a-aej/ros_workspaces/lab3/install/straight_line_interface/share/straight_line_interface/environment/ament_prefix_path.dsv\n'}
[11.752592] (straight_line_interface) StdoutLine: {'line': b'-- Symlinking: /home/cc/ee106a/fa26/class/ee106a-aej/ros_workspaces/lab3/install/straight_line_interface/share/straight_line_interface/environment/path.sh\n'}
[11.771206] (straight_line_interface) StdoutLine: {'line': b'-- Symlinking: /home/cc/ee106a/fa26/class/ee106a-aej/ros_workspaces/lab3/install/straight_line_interface/share/straight_line_interface/environment/path.dsv\n'}
[11.785904] (straight_line_interface) StdoutLine: {'line': b'-- Symlinking: /home/cc/ee106a/fa26/class/ee106a-aej/ros_workspaces/lab3/install/straight_line_interface/share/straight_line_interface/local_setup.bash\n'}
[11.811484] (straight_line_interface) StdoutLine: {'line': b'-- Symlinking: /home/cc/ee106a/fa26/class/ee106a-aej/ros_workspaces/lab3/install/straight_line_interface/share/straight_line_interface/local_setup.sh\n'}
[11.819210] (-) TimerEvent: {}
[11.828033] (straight_line_interface) StdoutLine: {'line': b'-- Symlinking: /home/cc/ee106a/fa26/class/ee106a-aej/ros_workspaces/lab3/install/straight_line_interface/share/straight_line_interface/local_setup.zsh\n'}
[11.843788] (straight_line_interface) StdoutLine: {'line': b'-- Symlinking: /home/cc/ee106a/fa26/class/ee106a-aej/ros_workspaces/lab3/install/straight_line_interface/share/straight_line_interface/local_setup.dsv\n'}
[11.857294] (straight_line_interface) StdoutLine: {'line': b'-- Symlinking: /home/cc/ee106a/fa26/class/ee106a-aej/ros_workspaces/lab3/install/straight_line_interface/share/straight_line_interface/package.dsv\n'}
[11.874014] (straight_line_interface) StdoutLine: {'line': b'-- Symlinking: /home/cc/ee106a/fa26/class/ee106a-aej/ros_workspaces/lab3/install/straight_line_interface/share/ament_index/resource_index/packages/straight_line_interface\n'}
[11.893537] (straight_line_interface) StdoutLine: {'line': b'-- Symlinking: /home/cc/ee106a/fa26/class/ee106a-aej/ros_workspaces/lab3/install/straight_line_interface/share/straight_line_interface/cmake/rosidl_cmake-extras.cmake\n'}
[11.905379] (straight_line_interface) StdoutLine: {'line': b'-- Symlinking: /home/cc/ee106a/fa26/class/ee106a-aej/ros_workspaces/lab3/install/straight_line_interface/share/straight_line_interface/cmake/ament_cmake_export_dependencies-extras.cmake\n'}
[11.919301] (-) TimerEvent: {}
[11.928228] (straight_line_interface) StdoutLine: {'line': b'-- Symlinking: /home/cc/ee106a/fa26/class/ee106a-aej/ros_workspaces/lab3/install/straight_line_interface/share/straight_line_interface/cmake/ament_cmake_export_include_directories-extras.cmake\n'}
[11.944823] (straight_line_interface) StdoutLine: {'line': b'-- Symlinking: /home/cc/ee106a/fa26/class/ee106a-aej/ros_workspaces/lab3/install/straight_line_interface/share/straight_line_interface/cmake/ament_cmake_export_libraries-extras.cmake\n'}
[11.961523] (straight_line_interface) StdoutLine: {'line': b'-- Symlinking: /home/cc/ee106a/fa26/class/ee106a-aej/ros_workspaces/lab3/install/straight_line_interface/share/straight_line_interface/cmake/ament_cmake_export_targets-extras.cmake\n'}
[11.976487] (straight_line_interface) StdoutLine: {'line': b'-- Symlinking: /home/cc/ee106a/fa26/class/ee106a-aej/ros_workspaces/lab3/install/straight_line_interface/share/straight_line_interface/cmake/rosidl_cmake_export_typesupport_targets-extras.cmake\n'}
[11.991500] (straight_line_interface) StdoutLine: {'line': b'-- Symlinking: /home/cc/ee106a/fa26/class/ee106a-aej/ros_workspaces/lab3/install/straight_line_interface/share/straight_line_interface/cmake/rosidl_cmake_export_typesupport_libraries-extras.cmake\n'}
[12.006575] (straight_line_interface) StdoutLine: {'line': b'-- Symlinking: /home/cc/ee106a/fa26/class/ee106a-aej/ros_workspaces/lab3/install/straight_line_interface/share/straight_line_interface/cmake/rosidl_cmake_aggregate_target-extras.cmake\n'}
[12.019365] (-) TimerEvent: {}
[12.024537] (straight_line_interface) StdoutLine: {'line': b'-- Symlinking: /home/cc/ee106a/fa26/class/ee106a-aej/ros_workspaces/lab3/install/straight_line_interface/share/straight_line_interface/cmake/straight_line_interfaceConfig.cmake\n'}
[12.040499] (straight_line_interface) StdoutLine: {'line': b'-- Symlinking: /home/cc/ee106a/fa26/class/ee106a-aej/ros_workspaces/lab3/install/straight_line_interface/share/straight_line_interface/cmake/straight_line_interfaceConfig-version.cmake\n'}
[12.053520] (straight_line_interface) StdoutLine: {'line': b'-- Symlinking: /home/cc/ee106a/fa26/class/ee106a-aej/ros_workspaces/lab3/install/straight_line_interface/share/straight_line_interface/package.xml\n'}
[12.068060] (straight_line_interface) StdoutLine: {'line': b'-- Installing: /home/cc/ee106a/fa26/class/ee106a-aej/ros_workspaces/lab3/install/straight_line_interface/lib/libstraight_line_interface__rosidl_generator_c.so\n'}
[12.078043] (straight_line_interface) StdoutLine: {'line': b'-- Set runtime path of "/home/cc/ee106a/fa26/class/ee106a-aej/ros_workspaces/lab3/install/straight_line_interface/lib/libstraight_line_interface__rosidl_generator_c.so" to ""\n'}
[12.079572] (straight_line_interface) StdoutLine: {'line': b'-- Installing: /home/cc/ee106a/fa26/class/ee106a-aej/ros_workspaces/lab3/install/straight_line_interface/lib/libstraight_line_interface__rosidl_typesupport_fastrtps_c.so\n'}
[12.088884] (straight_line_interface) StdoutLine: {'line': b'-- Set runtime path of "/home/cc/ee106a/fa26/class/ee106a-aej/ros_workspaces/lab3/install/straight_line_interface/lib/libstraight_line_interface__rosidl_typesupport_fastrtps_c.so" to ""\n'}
[12.090635] (straight_line_interface) StdoutLine: {'line': b'-- Installing: /home/cc/ee106a/fa26/class/ee106a-aej/ros_workspaces/lab3/install/straight_line_interface/lib/libstraight_line_interface__rosidl_typesupport_fastrtps_cpp.so\n'}
[12.100297] (straight_line_interface) StdoutLine: {'line': b'-- Set runtime path of "/home/cc/ee106a/fa26/class/ee106a-aej/ros_workspaces/lab3/install/straight_line_interface/lib/libstraight_line_interface__rosidl_typesupport_fastrtps_cpp.so" to ""\n'}
[12.101706] (straight_line_interface) StdoutLine: {'line': b'-- Installing: /home/cc/ee106a/fa26/class/ee106a-aej/ros_workspaces/lab3/install/straight_line_interface/lib/libstraight_line_interface__rosidl_typesupport_introspection_c.so\n'}
[12.111439] (straight_line_interface) StdoutLine: {'line': b'-- Set runtime path of "/home/cc/ee106a/fa26/class/ee106a-aej/ros_workspaces/lab3/install/straight_line_interface/lib/libstraight_line_interface__rosidl_typesupport_introspection_c.so" to ""\n'}
[12.113086] (straight_line_interface) StdoutLine: {'line': b'-- Installing: /home/cc/ee106a/fa26/class/ee106a-aej/ros_workspaces/lab3/install/straight_line_interface/lib/libstraight_line_interface__rosidl_typesupport_c.so\n'}
[12.119430] (-) TimerEvent: {}
[12.122109] (straight_line_interface) StdoutLine: {'line': b'-- Set runtime path of "/home/cc/ee106a/fa26/class/ee106a-aej/ros_workspaces/lab3/install/straight_line_interface/lib/libstraight_line_interface__rosidl_typesupport_c.so" to ""\n'}
[12.123890] (straight_line_interface) StdoutLine: {'line': b'-- Installing: /home/cc/ee106a/fa26/class/ee106a-aej/ros_workspaces/lab3/install/straight_line_interface/lib/libstraight_line_interface__rosidl_typesupport_introspection_cpp.so\n'}
[12.133694] (straight_line_interface) StdoutLine: {'line': b'-- Set runtime path of "/home/cc/ee106a/fa26/class/ee106a-aej/ros_workspaces/lab3/install/straight_line_interface/lib/libstraight_line_interface__rosidl_typesupport_introspection_cpp.so" to ""\n'}
[12.135442] (straight_line_interface) StdoutLine: {'line': b'-- Installing: /home/cc/ee106a/fa26/class/ee106a-aej/ros_workspaces/lab3/install/straight_line_interface/lib/libstraight_line_interface__rosidl_typesupport_cpp.so\n'}
[12.145015] (straight_line_interface) StdoutLine: {'line': b'-- Set runtime path of "/home/cc/ee106a/fa26/class/ee106a-aej/ros_workspaces/lab3/install/straight_line_interface/lib/libstraight_line_interface__rosidl_typesupport_cpp.so" to ""\n'}
[12.205772] (straight_line_interface) StdoutLine: {'line': b"Listing '/home/cc/ee106a/fa26/class/ee106a-aej/ros_workspaces/lab3/install/straight_line_interface/local/lib/python3.10/dist-packages/straight_line_interface'...\n"}
[12.205933] (straight_line_interface) StdoutLine: {'line': b"Compiling '/home/cc/ee106a/fa26/class/ee106a-aej/ros_workspaces/lab3/install/straight_line_interface/local/lib/python3.10/dist-packages/straight_line_interface/__init__.py'...\n"}
[12.207099] (straight_line_interface) StdoutLine: {'line': b"Listing '/home/cc/ee106a/fa26/class/ee106a-aej/ros_workspaces/lab3/install/straight_line_interface/local/lib/python3.10/dist-packages/straight_line_interface/action'...\n"}
[12.207184] (straight_line_interface) StdoutLine: {'line': b"Compiling '/home/cc/ee106a/fa26/class/ee106a-aej/ros_workspaces/lab3/install/straight_line_interface/local/lib/python3.10/dist-packages/straight_line_interface/action/__init__.py'...\n"}
[12.207263] (straight_line_interface) StdoutLine: {'line': b"Compiling '/home/cc/ee106a/fa26/class/ee106a-aej/ros_workspaces/lab3/install/straight_line_interface/local/lib/python3.10/dist-packages/straight_line_interface/action/_move_straight.py'...\n"}
[12.209060] (straight_line_interface) StdoutLine: {'line': b'-- Installing: /home/cc/ee106a/fa26/class/ee106a-aej/ros_workspaces/lab3/install/straight_line_interface/lib/libstraight_line_interface__rosidl_generator_py.so\n'}
[12.219502] (-) TimerEvent: {}
[12.269055] (straight_line_interface) StdoutLine: {'line': b'-- Set runtime path of "/home/cc/ee106a/fa26/class/ee106a-aej/ros_workspaces/lab3/install/straight_line_interface/lib/libstraight_line_interface__rosidl_generator_py.so" to ""\n'}
[12.270452] (straight_line_interface) StdoutLine: {'line': b'-- Installing: /home/cc/ee106a/fa26/class/ee106a-aej/ros_workspaces/lab3/install/straight_line_interface/share/straight_line_interface/cmake/export_straight_line_interface__rosidl_generator_cExport.cmake\n'}
[12.276896] (straight_line_interface) StdoutLine: {'line': b'-- Installing: /home/cc/ee106a/fa26/class/ee106a-aej/ros_workspaces/lab3/install/straight_line_interface/share/straight_line_interface/cmake/export_straight_line_interface__rosidl_generator_cExport-noconfig.cmake\n'}
[12.283424] (straight_line_interface) StdoutLine: {'line': b'-- Installing: /home/cc/ee106a/fa26/class/ee106a-aej/ros_workspaces/lab3/install/straight_line_interface/share/straight_line_interface/cmake/export_straight_line_interface__rosidl_typesupport_fastrtps_cExport.cmake\n'}
[12.289919] (straight_line_interface) StdoutLine: {'line': b'-- Installing: /home/cc/ee106a/fa26/class/ee106a-aej/ros_workspaces/lab3/install/straight_line_interface/share/straight_line_interface/cmake/export_straight_line_interface__rosidl_typesupport_fastrtps_cExport-noconfig.cmake\n'}
[12.296375] (straight_line_interface) StdoutLine: {'line': b'-- Installing: /home/cc/ee106a/fa26/class/ee106a-aej/ros_workspaces/lab3/install/straight_line_interface/share/straight_line_interface/cmake/export_straight_line_interface__rosidl_generator_cppExport.cmake\n'}
[12.302946] (straight_line_interface) StdoutLine: {'line': b'-- Installing: /home/cc/ee106a/fa26/class/ee106a-aej/ros_workspaces/lab3/install/straight_line_interface/share/straight_line_interface/cmake/export_straight_line_interface__rosidl_typesupport_fastrtps_cppExport.cmake\n'}
[12.309853] (straight_line_interface) StdoutLine: {'line': b'-- Installing: /home/cc/ee106a/fa26/class/ee106a-aej/ros_workspaces/lab3/install/straight_line_interface/share/straight_line_interface/cmake/export_straight_line_interface__rosidl_typesupport_fastrtps_cppExport-noconfig.cmake\n'}
[12.316937] (straight_line_interface) StdoutLine: {'line': b'-- Installing: /home/cc/ee106a/fa26/class/ee106a-aej/ros_workspaces/lab3/install/straight_line_interface/share/straight_line_interface/cmake/straight_line_interface__rosidl_typesupport_introspection_cExport.cmake\n'}
[12.319569] (-) TimerEvent: {}
[12.325730] (straight_line_interface) StdoutLine: {'line': b'-- Installing: /home/cc/ee106a/fa26/class/ee106a-aej/ros_workspaces/lab3/install/straight_line_interface/share/straight_line_interface/cmake/straight_line_interface__rosidl_typesupport_introspection_cExport-noconfig.cmake\n'}
[12.332923] (straight_line_interface) StdoutLine: {'line': b'-- Installing: /home/cc/ee106a/fa26/class/ee106a-aej/ros_workspaces/lab3/install/straight_line_interface/share/straight_line_interface/cmake/straight_line_interface__rosidl_typesupport_cExport.cmake\n'}
[12.339591] (straight_line_interface) StdoutLine: {'line': b'-- Installing: /home/cc/ee106a/fa26/class/ee106a-aej/ros_workspaces/lab3/install/straight_line_interface/share/straight_line_interface/cmake/straight_line_interface__rosidl_typesupport_cExport-noconfig.cmake\n'}
[12.346563] (straight_line_interface) StdoutLine: {'line': b'-- Installing: /home/cc/ee106a/fa26/class/ee106a-aej/ros_workspaces/lab3/install/straight_line_interface/share/straight_line_interface/cmake/straight_line_interface__rosidl_typesupport_introspection_cppExport.cmake\n'}
[12.353603] (straight_line_interface) StdoutLine: {'line': b'-- Installing: /home/cc/ee106a/fa26/class/ee106a-aej/ros_workspaces/lab3/install/straight_line_interface/share/straight_line_interface/cmake/straight_line_interface__rosidl_typesupport_introspection_cppExport-noconfig.cmake\n'}
[12.360682] (straight_line_interface) StdoutLine: {'line': b'-- Installing: /home/cc/ee106a/fa26/class/ee106a-aej/ros_workspaces/lab3/install/straight_line_interface/share/straight_line_interface/cmake/straight_line_interface__rosidl_typesupport_cppExport.cmake\n'}
[12.367215] (straight_line_interface) StdoutLine: {'line': b'-- Installing: /home/cc/ee106a/fa26/class/ee106a-aej/ros_workspaces/lab3/install/straight_line_interface/share/straight_line_interface/cmake/straight_line_interface__rosidl_typesupport_cppExport-noconfig.cmake\n'}
[12.373726] (straight_line_interface) StdoutLine: {'line': b'-- Installing: /home/cc/ee106a/fa26/class/ee106a-aej/ros_workspaces/lab3/install/straight_line_interface/share/straight_line_interface/cmake/export_straight_line_interface__rosidl_generator_pyExport.cmake\n'}
[12.380630] (straight_line_interface) StdoutLine: {'line': b'-- Installing: /home/cc/ee106a/fa26/class/ee106a-aej/ros_workspaces/lab3/install/straight_line_interface/share/straight_line_interface/cmake/export_straight_line_interface__rosidl_generator_pyExport-noconfig.cmake\n'}
[12.391194] (straight_line_interface) CommandEnded: {'returncode': 0}
[12.419646] (-) TimerEvent: {}
[12.498520] (straight_line_interface) JobEnded: {'identifier': 'straight_line_interface', 'rc': 0}
[12.503242] (straight_line) JobStarted: {'identifier': 'straight_line'}
[12.519705] (-) TimerEvent: {}
[12.619848] (-) TimerEvent: {}
[12.719989] (-) TimerEvent: {}
[12.820167] (-) TimerEvent: {}
[12.920344] (-) TimerEvent: {}
[13.020496] (-) TimerEvent: {}
[13.120661] (-) TimerEvent: {}
[13.220840] (-) TimerEvent: {}
[13.320990] (-) TimerEvent: {}
[13.356036] (straight_line) Command: {'cmd': ['/usr/bin/python3', '-W', 'ignore:setup.py install is deprecated', '-W', 'ignore:easy_install command is deprecated', 'setup.py', 'develop', '--editable', '--build-directory', '/home/cc/ee106a/fa26/class/ee106a-aej/ros_workspaces/lab3/build/straight_line/build', '--no-deps', 'symlink_data'], 'cwd': '/home/cc/ee106a/fa26/class/ee106a-aej/ros_workspaces/lab3/build/straight_line', 'env': {'ARCH': 'x86_64', 'QT_SCALE_FACTOR': '1', 'USER': 'ee106a-aej', 'HOSTNAME': 'ros2', 'XDG_SESSION_TYPE': 'x11', 'MASTERDIR': '/home/ff/ee106a', 'COMPIZ_CONFIG_PROFILE': 'mate', 'XDG_CACHE_HOME': '/home/cc/ee106a/fa26/class/ee106a-aej/.cache', 'SHLVL': '2', 'LD_LIBRARY_PATH': '/home/cc/ee106a/fa26/class/ee106a-aej/ros_workspaces/lab3/install/straight_line_interface/lib:/usr/lib/x86_64-linux-gnu/gazebo-11/plugins:/opt/ros/humble/opt/rviz_ogre_vendor/lib:/opt/ros/humble/lib/x86_64-linux-gnu:/opt/ros/humble/lib', 'HOME': '/home/cc/ee106a/fa26/class/ee106a-aej', 'OLDPWD': '/home/cc/ee106a/fa26/class/ee106a-aej', 'DESKTOP_SESSION': 'mate', 'ROS_PYTHON_VERSION': '3', 'GTK_MODULES': 'gail:atk-bridge:appmenu-gtk-module:gail:atk-bridge:canberra-gtk-module', 'EE106_UR_ROBOT_IP': '192.168.1.102', 'MANAGERPID': '1465393', 'DISTROBOX_ENTER_PATH': '/usr/local/bin/distrobox-enter', 'DBUS_STARTER_BUS_TYPE': 'session', 'SYSTEMD_EXEC_PID': '1465393', 'NNTPSERVER': 'news.csua.berkeley.edu', 'VISUAL': 'emacs', 'XDG_STATE_HOME': '/home/cc/ee106a/fa26/class/ee106a-aej/.local/state', 'DBUS_SESSION_BUS_ADDRESS': 'unix:path=/run/user/90978/bus,guid=a2a472a95d314ef151893ed26aab493b', 'COLORTERM': 'truecolor', 'container': 'podman', 'UBUNTU_MENUPROXY': '1', 'QT_QPA_PLATFORMTHEME': 'gtk2', 'IM_CONFIG_PHASE': '1', 'COLCON_PREFIX_PATH': '/home/cc/ee106a/fa26/class/ee106a-aej/ros_workspaces/lab3/install:/home/ff/ee106a/robot_workspaces/ur/install', 'ROS_DISTRO': 'humble', 'GTK_IM_MODULE': 'ibus', 'LOGNAME': 'ee106a-aej', 'MASTER': 'ee106a', 'WINDOWID': '37748742', 'JOURNAL_STREAM': '8:23531811', 'ROS_VERSION': '2', 'XDG_SESSION_CLASS': 'user', 'TERMINFO_DIRS': '/usr/share/terminfo:/run/host/usr/share/terminfo', 'USERNAME': 'ee106a-aej', 'TERM': 'xterm-256color', 'GTK_OVERLAY_SCROLLING': '0', 'ROS_LOCALHOST_ONLY': '0', 'WINDOWPATH': '2', 'PATH': '/opt/ros/humble/bin:/share/b/grading/bin:/home/ff/ee106a/bin:/home/ff/ee106a/bin/arch/x86_64:/share/b/grading/bin:/home/ff/ee106a/bin:/home/ff/ee106a/bin/arch/x86_64:/usr/local/sbin:/usr/local/bin:/usr/sbin:/usr/bin:/sbin:/bin:/usr/games:/usr/local/games:/snap/bin:/snap/bin:/share/b/grading/bin:/share/b/grading/sbin:/share/b/runas/x86_64:/share/b/bin:/home/ff/ee106a/venvs/all:/usr/local/sbin:/usr/local/bin:/usr/sbin:/usr/bin:/sbin:/bin:/share/b/grading/bin:/share/b/grading/sbin:/share/b/runas/x86_64:/share/b/bin:/home/ff/ee106a/venvs/all', 'SESSION_MANAGER': 'local/c105-8:@/tmp/.ICE-unix/1465475,unix/c105-8:/tmp/.ICE-unix/1465475', 'INVOCATION_ID': '1b6d56a331614233a45e81fca6256b7b', 'OS': 'Linux', 'XDG_RUNTIME_DIR': '/run/user/90978', 'DISPLAY': ':1', 'LANG': 'en_US.UTF-8', 'XDG_CURRENT_DESKTOP': 'MATE', 'XDG_DATA_HOME': '/home/cc/ee106a/fa26/class/ee106a-aej/.local/share', 'XDG_CONFIG_HOME': '/home/cc/ee106a/fa26/class/ee106a-aej/.config', 'XMODIFIERS': '@im=ibus', 'XDG_SESSION_DESKTOP': 'mate', 'XAUTHORITY': '/run/user/90978/gdm/Xauthority', 'SSH_AUTH_SOCK': '/run/user/90978/keyring/ssh', 'ROS_DOMAIN_ID': '28', 'AMENT_PREFIX_PATH': '/home/cc/ee106a/fa26/class/ee106a-aej/ros_workspaces/lab3/install/tf_listener:/home/cc/ee106a/fa26/class/ee106a-aej/ros_workspaces/lab3/install/straight_line:/home/cc/ee106a/fa26/class/ee106a-aej/ros_workspaces/lab3/install/straight_line_interface:/home/cc/ee106a/fa26/class/ee106a-aej/ros_workspaces/lab3/install/joint_control:/home/cc/ee106a/fa26/class/ee106a-aej/ros_workspaces/lab3/install/forward_kinematics:/home/ff/ee106a/robot_workspaces/ur/install/ur7e_utils:/opt/ros/humble', 'SHELL': '/usr/bin/bash', 'QT_ACCESSIBILITY': '1', 'EE106_UR_ROBOT_NAME': 'astroboy', 'GDMSESSION': 'mate', 'RUNAS': '/share/b/runas/x86_64', 'GPG_AGENT_INFO': '/run/user/90978/gnupg/S.gpg-agent:0:1', 'CONFIG_SHELL': '/usr/bin/ksh', 'QT_IM_MODULE': 'ibus', 'PWD': '/home/cc/ee106a/fa26/class/ee106a-aej/ros_workspaces/lab3/build/straight_line', 'EE106_ENV_SETUP': 'ur_ros2', 'CONTAINER_ID': 'ros2', 'LC_ALL': 'C.UTF-8', 'XDG_CONFIG_DIRS': '/etc/xdg/xdg-mate:/etc/xdg', 'CLUTTER_IM_MODULE': 'ibus', 'DBUS_STARTER_ADDRESS': 'unix:path=/run/user/90978/bus,guid=a2a472a95d314ef151893ed26aab493b', 'XDG_DATA_DIRS': '/usr/share/mate:/usr/share/mate:/usr/share/gnome:/home/cc/ee106a/fa26/class/ee106a-aej/.local/share/flatpak/exports/share:/var/lib/flatpak/exports/share:/usr/local/share/:/usr/share/:/var/lib/snapd/desktop:/usr/local/share:/usr/share', 'PYTHONPATH': '/home/cc/ee106a/fa26/class/ee106a-aej/ros_workspaces/lab3/build/straight_line/prefix_override:/usr/lib/python3/dist-packages/colcon_core/task/python/colcon_distutils_commands:/home/cc/ee106a/fa26/class/ee106a-aej/ros_workspaces/lab3/install/straight_line/lib/python3.10/site-packages:/home/cc/ee106a/fa26/class/ee106a-aej/ros_workspaces/lab3/install/tf_listener/lib/python3.10/site-packages:/home/cc/ee106a/fa26/class/ee106a-aej/ros_workspaces/lab3/install/straight_line/lib/python3.10/site-packages:/home/cc/ee106a/fa26/class/ee106a-aej/ros_workspaces/lab3/install/straight_line_interface/local/lib/python3.10/dist-packages:/home/cc/ee106a/fa26/class/ee106a-aej/ros_workspaces/lab3/install/joint_control/lib/python3.10/site-packages:/home/cc/ee106a/fa26/class/ee106a-aej/ros_workspaces/lab3/install/forward_kinematics/lib/python3.10/site-packages:/home/ff/ee106a/robot_workspaces/ur/install/ur7e_utils/lib/python3.10/site-packages:/opt/ros/humble/lib/python3.10/site-packages:/opt/ros/humble/local/lib/python3.10/dist-packages', 'MATE_DESKTOP_SESSION_ID': 'this-is-deprecated', 'COLCON': '1', 'MANPATH': '/usr/local/man:/usr/man:/usr/X11/man:/usr/local/man:/share/b/grading/man:/usr/local/man:/usr/man:/usr/X11/man:/usr/local/man:/share/b/grading/man:', 'VTE_VERSION': '6800', 'EDITOR': 'emacs', 'CMAKE_PREFIX_PATH': '/home/cc/ee106a/fa26/class/ee106a-aej/ros_workspaces/lab3/install/straight_line_interface', 'QT_FONT_DPI': '122'}, 'shell': False}
[13.421079] (-) TimerEvent: {}
[13.521308] (-) TimerEvent: {}
[13.585791] (straight_line) StdoutLine: {'line': b'running develop\n'}
[13.621376] (-) TimerEvent: {}
[13.721555] (-) TimerEvent: {}
[13.724476] (straight_line) StdoutLine: {'line': b'running egg_info\n'}
[13.724785] (straight_line) StdoutLine: {'line': b'creating straight_line.egg-info\n'}
[13.727087] (straight_line) StdoutLine: {'line': b'writing straight_line.egg-info/PKG-INFO\n'}
[13.733478] (straight_line) StdoutLine: {'line': b'writing dependency_links to straight_line.egg-info/dependency_links.txt\n'}
[13.736653] (straight_line) StdoutLine: {'line': b'writing entry points to straight_line.egg-info/entry_points.txt\n'}
[13.739320] (straight_line) StdoutLine: {'line': b'writing requirements to straight_line.egg-info/requires.txt\n'}
[13.742389] (straight_line) StdoutLine: {'line': b'writing top-level names to straight_line.egg-info/top_level.txt\n'}
[13.745523] (straight_line) StdoutLine: {'line': b"writing manifest file 'straight_line.egg-info/SOURCES.txt'\n"}
[13.750986] (straight_line) StdoutLine: {'line': b"reading manifest file 'straight_line.egg-info/SOURCES.txt'\n"}
[13.751972] (straight_line) StdoutLine: {'line': b"writing manifest file 'straight_line.egg-info/SOURCES.txt'\n"}
[13.754157] (straight_line) StdoutLine: {'line': b'running build_ext\n'}
[13.755226] (straight_line) StdoutLine: {'line': b'Creating /home/cc/ee106a/fa26/class/ee106a-aej/ros_workspaces/lab3/install/straight_line/lib/python3.10/site-packages/straight-line.egg-link (link to .)\n'}
[13.757231] (straight_line) StdoutLine: {'line': b'Installing straight_line_server script to /home/cc/ee106a/fa26/class/ee106a-aej/ros_workspaces/lab3/install/straight_line/lib/straight_line\n'}
[13.762747] (straight_line) StdoutLine: {'line': b'\n'}
[13.762864] (straight_line) StdoutLine: {'line': b'Installed /home/cc/ee106a/fa26/class/ee106a-aej/ros_workspaces/lab3/build/straight_line\n'}
[13.762949] (straight_line) StdoutLine: {'line': b'running symlink_data\n'}
[13.763082] (straight_line) StdoutLine: {'line': b'creating /home/cc/ee106a/fa26/class/ee106a-aej/ros_workspaces/lab3/install/straight_line/share/ament_index\n'}
[13.764212] (straight_line) StdoutLine: {'line': b'creating /home/cc/ee106a/fa26/class/ee106a-aej/ros_workspaces/lab3/install/straight_line/share/ament_index/resource_index\n'}
[13.765333] (straight_line) StdoutLine: {'line': b'creating /home/cc/ee106a/fa26/class/ee106a-aej/ros_workspaces/lab3/install/straight_line/share/ament_index/resource_index/packages\n'}
[13.767015] (straight_line) StdoutLine: {'line': b'symbolically linking /home/cc/ee106a/fa26/class/ee106a-aej/ros_workspaces/lab3/build/straight_line/resource/straight_line -> /home/cc/ee106a/fa26/class/ee106a-aej/ros_workspaces/lab3/install/straight_line/share/ament_index/resource_index/packages\n'}
[13.768309] (straight_line) StdoutLine: {'line': b'symbolically linking /home/cc/ee106a/fa26/class/ee106a-aej/ros_workspaces/lab3/build/straight_line/package.xml -> /home/cc/ee106a/fa26/class/ee106a-aej/ros_workspaces/lab3/install/straight_line/share/straight_line\n'}
[13.787706] (straight_line) CommandEnded: {'returncode': 0}
[13.821624] (-) TimerEvent: {}
[13.850639] (straight_line) JobEnded: {'identifier': 'straight_line', 'rc': 0}
[13.855366] (-) EventReactorShutdown: {}
