[0.000000] (-) TimerEvent: {}
[0.000227] (forward_kinematics) JobQueued: {'identifier': 'forward_kinematics', 'dependencies': OrderedDict()}
[0.000285] (joint_control) JobQueued: {'identifier': 'joint_control', 'dependencies': OrderedDict()}
[0.000327] (straight_line_interface) JobQueued: {'identifier': 'straight_line_interface', 'dependencies': OrderedDict()}
[0.000364] (tf_listener) JobQueued: {'identifier': 'tf_listener', 'dependencies': OrderedDict()}
[0.000398] (straight_line) JobQueued: {'identifier': 'straight_line', 'dependencies': OrderedDict([('straight_line_interface', '/home/cc/ee106a/fa26/class/ee106a-aej/ros_workspaces/lab3/install/straight_line_interface')])}
[0.000442] (straight_line_interface) JobStarted: {'identifier': 'straight_line_interface'}
[0.034682] (forward_kinematics) JobStarted: {'identifier': 'forward_kinematics'}
[0.070913] (joint_control) JobStarted: {'identifier': 'joint_control'}
[0.096044] (tf_listener) JobStarted: {'identifier': 'tf_listener'}
[0.098518] (-) TimerEvent: {}
[0.121911] (straight_line_interface) JobProgress: {'identifier': 'straight_line_interface', 'progress': 'cmake'}
[0.133414] (straight_line_interface) Command: {'cmd': ['/usr/bin/cmake', '/home/cc/ee106a/fa26/class/ee106a-aej/ros_workspaces/lab3/src/straight_line_interface', '-DCMAKE_INSTALL_PREFIX=/home/cc/ee106a/fa26/class/ee106a-aej/ros_workspaces/lab3/install/straight_line_interface'], 'cwd': '/home/cc/ee106a/fa26/class/ee106a-aej/ros_workspaces/lab3/build/straight_line_interface', 'env': OrderedDict([('ARCH', 'x86_64'), ('QT_SCALE_FACTOR', '1'), ('USER', 'ee106a-aej'), ('HOSTNAME', 'ros2'), ('XDG_SESSION_TYPE', 'x11'), ('MASTERDIR', '/home/ff/ee106a'), ('COMPIZ_CONFIG_PROFILE', 'mate'), ('XDG_CACHE_HOME', '/home/cc/ee106a/fa26/class/ee106a-aej/.cache'), ('SHLVL', '2'), ('LD_LIBRARY_PATH', '/usr/lib/x86_64-linux-gnu/gazebo-11/plugins:/opt/ros/humble/opt/rviz_ogre_vendor/lib:/opt/ros/humble/lib/x86_64-linux-gnu:/opt/ros/humble/lib'), ('HOME', '/home/cc/ee106a/fa26/class/ee106a-aej'), ('OLDPWD', '/home/cc/ee106a/fa26/class/ee106a-aej/ros_workspaces'), ('DESKTOP_SESSION', 'mate'), ('ROS_PYTHON_VERSION', '3'), ('GTK_MODULES', 'gail:atk-bridge:appmenu-gtk-module:gail:atk-bridge:canberra-gtk-module'), ('EE106_UR_ROBOT_IP', '192.168.1.101'), ('MANAGERPID', '107037'), ('DISTROBOX_ENTER_PATH', '/usr/local/bin/distrobox-enter'), ('DBUS_STARTER_BUS_TYPE', 'session'), ('SYSTEMD_EXEC_PID', '107037'), ('NNTPSERVER', 'news.csua.berkeley.edu'), ('VISUAL', 'emacs'), ('XDG_STATE_HOME', '/home/cc/ee106a/fa26/class/ee106a-aej/.local/state'), ('DBUS_SESSION_BUS_ADDRESS', 'unix:path=/run/user/90978/bus,guid=31562aa21c4b85012f3fec056aa82192'), ('COLORTERM', 'truecolor'), ('container', 'podman'), ('UBUNTU_MENUPROXY', '1'), ('QT_QPA_PLATFORMTHEME', 'gtk2'), ('IM_CONFIG_PHASE', '1'), ('COLCON_PREFIX_PATH', '/home/ff/ee106a/robot_workspaces/ur/install'), ('ROS_DISTRO', 'humble'), ('GTK_IM_MODULE', 'ibus'), ('LOGNAME', 'ee106a-aej'), ('MASTER', 'ee106a'), ('WINDOWID', '31457286'), ('JOURNAL_STREAM', '8:858859'), ('ROS_VERSION', '2'), ('XDG_SESSION_CLASS', 'user'), ('TERMINFO_DIRS', '/usr/share/terminfo:/run/host/usr/share/terminfo'), ('USERNAME', 'ee106a-aej'), ('TERM', 'xterm-256color'), ('GTK_OVERLAY_SCROLLING', '0'), ('ROS_LOCALHOST_ONLY', '0'), ('WINDOWPATH', '3'), ('PATH', '/opt/ros/humble/bin:/share/b/grading/bin:/home/ff/ee106a/bin:/home/ff/ee106a/bin/arch/x86_64:/share/b/grading/bin:/home/ff/ee106a/bin:/home/ff/ee106a/bin/arch/x86_64:/usr/local/sbin:/usr/local/bin:/usr/sbin:/usr/bin:/sbin:/bin:/usr/games:/usr/local/games:/snap/bin:/snap/bin:/share/b/grading/bin:/share/b/grading/sbin:/share/b/runas/x86_64:/share/b/bin:/home/ff/ee106a/venvs/all:/usr/local/sbin:/usr/local/bin:/usr/sbin:/usr/bin:/sbin:/bin:/share/b/grading/bin:/share/b/grading/sbin:/share/b/runas/x86_64:/share/b/bin:/home/ff/ee106a/venvs/all'), ('SESSION_MANAGER', 'local/c105-7:@/tmp/.ICE-unix/107122,unix/c105-7:/tmp/.ICE-unix/107122'), ('INVOCATION_ID', 'cb0846482c304853a89b0820de4d3b9d'), ('OS', 'Linux'), ('XDG_RUNTIME_DIR', '/run/user/90978'), ('DISPLAY', ':2'), ('LANG', 'en_US.UTF-8'), ('XDG_CURRENT_DESKTOP', 'MATE'), ('XDG_DATA_HOME', '/home/cc/ee106a/fa26/class/ee106a-aej/.local/share'), ('XDG_CONFIG_HOME', '/home/cc/ee106a/fa26/class/ee106a-aej/.config'), ('XMODIFIERS', '@im=ibus'), ('XDG_SESSION_DESKTOP', 'mate'), ('XAUTHORITY', '/run/user/90978/gdm/Xauthority'), ('SSH_AUTH_SOCK', '/run/user/90978/keyring/ssh'), ('ROS_DOMAIN_ID', '27'), ('AMENT_PREFIX_PATH', '/home/ff/ee106a/robot_workspaces/ur/install/ur7e_utils:/opt/ros/humble'), ('SHELL', '/usr/bin/bash'), ('QT_ACCESSIBILITY', '1'), ('EE106_UR_ROBOT_NAME', 'r2d2'), ('GDMSESSION', 'mate'), ('RUNAS', '/share/b/runas/x86_64'), ('GPG_AGENT_INFO', '/run/user/90978/gnupg/S.gpg-agent:0:1'), ('CONFIG_SHELL', '/usr/bin/ksh'), ('QT_IM_MODULE', 'ibus'), ('PWD', '/home/cc/ee106a/fa26/class/ee106a-aej/ros_workspaces/lab3/build/straight_line_interface'), ('EE106_ENV_SETUP', 'ur_ros2'), ('CONTAINER_ID', 'ros2'), ('LC_ALL', 'C.UTF-8'), ('XDG_CONFIG_DIRS', '/etc/xdg/xdg-mate:/etc/xdg'), ('CLUTTER_IM_MODULE', 'ibus'), ('DBUS_STARTER_ADDRESS', 'unix:path=/run/user/90978/bus,guid=31562aa21c4b85012f3fec056aa82192'), ('XDG_DATA_DIRS', '/usr/share/mate:/usr/share/mate:/usr/share/gnome:/home/cc/ee106a/fa26/class/ee106a-aej/.local/share/flatpak/exports/share:/var/lib/flatpak/exports/share:/usr/local/share/:/usr/share/:/var/lib/snapd/desktop:/usr/local/share:/usr/share'), ('PYTHONPATH', '/home/ff/ee106a/robot_workspaces/ur/install/ur7e_utils/lib/python3.10/site-packages:/opt/ros/humble/lib/python3.10/site-packages:/opt/ros/humble/local/lib/python3.10/dist-packages'), ('MATE_DESKTOP_SESSION_ID', 'this-is-deprecated'), ('COLCON', '1'), ('MANPATH', '/usr/local/man:/usr/man:/usr/X11/man:/usr/local/man:/share/b/grading/man:/usr/local/man:/usr/man:/usr/X11/man:/usr/local/man:/share/b/grading/man:'), ('VTE_VERSION', '6800'), ('EDITOR', 'emacs'), ('QT_FONT_DPI', '122'), ('CMAKE_PREFIX_PATH', '/home/ff/ee106a/robot_workspaces/ur/install/ur7e_utils:/opt/ros/humble')]), 'shell': False}
[0.198654] (-) TimerEvent: {}
[0.299059] (-) TimerEvent: {}
[0.399451] (-) TimerEvent: {}
[0.499825] (-) TimerEvent: {}
[0.600155] (-) TimerEvent: {}
[0.700473] (-) TimerEvent: {}
[0.800843] (-) TimerEvent: {}
[0.901146] (-) TimerEvent: {}
[1.001374] (-) TimerEvent: {}
[1.101683] (-) TimerEvent: {}
[1.201925] (-) TimerEvent: {}
[1.302227] (-) TimerEvent: {}
[1.402463] (-) TimerEvent: {}
[1.502762] (-) TimerEvent: {}
[1.603005] (-) TimerEvent: {}
[1.703324] (-) TimerEvent: {}
[1.803520] (-) TimerEvent: {}
[1.811169] (straight_line_interface) StdoutLine: {'line': b'-- The C compiler identification is GNU 11.4.0\n'}
[1.811833] (straight_line_interface) StdoutLine: {'line': b'-- The CXX compiler identification is GNU 11.4.0\n'}
[1.812238] (straight_line_interface) StdoutLine: {'line': b'-- Detecting C compiler ABI info\n'}
[1.903605] (-) TimerEvent: {}
[1.979408] (straight_line_interface) StdoutLine: {'line': b'-- Detecting C compiler ABI info - done\n'}
[1.989156] (straight_line_interface) StdoutLine: {'line': b'-- Check for working C compiler: /usr/bin/cc - skipped\n'}
[1.989526] (straight_line_interface) StdoutLine: {'line': b'-- Detecting C compile features\n'}
[1.990610] (straight_line_interface) StdoutLine: {'line': b'-- Detecting C compile features - done\n'}
[2.003658] (-) TimerEvent: {}
[2.030988] (straight_line_interface) StdoutLine: {'line': b'-- Detecting CXX compiler ABI info\n'}
[2.103781] (-) TimerEvent: {}
[2.204085] (-) TimerEvent: {}
[2.292220] (straight_line_interface) StdoutLine: {'line': b'-- Detecting CXX compiler ABI info - done\n'}
[2.302390] (straight_line_interface) StdoutLine: {'line': b'-- Check for working CXX compiler: /usr/bin/c++ - skipped\n'}
[2.302600] (straight_line_interface) StdoutLine: {'line': b'-- Detecting CXX compile features\n'}
[2.303682] (straight_line_interface) StdoutLine: {'line': b'-- Detecting CXX compile features - done\n'}
[2.304133] (-) TimerEvent: {}
[2.399418] (straight_line_interface) StdoutLine: {'line': b'-- Found ament_cmake: 1.3.14 (/opt/ros/humble/share/ament_cmake/cmake)\n'}
[2.404208] (-) TimerEvent: {}
[2.504440] (-) TimerEvent: {}
[2.604711] (-) TimerEvent: {}
[2.685526] (tf_listener) Command: {'cmd': ['/usr/bin/python3', '-W', 'ignore:setup.py install is deprecated', '-W', 'ignore:easy_install command is deprecated', 'setup.py', 'egg_info', '--egg-base', '../../build/tf_listener', 'build', '--build-base', '/home/cc/ee106a/fa26/class/ee106a-aej/ros_workspaces/lab3/build/tf_listener/build', 'install', '--record', '/home/cc/ee106a/fa26/class/ee106a-aej/ros_workspaces/lab3/build/tf_listener/install.log', '--install-scripts', '$base/lib/tf_listener', '--single-version-externally-managed', 'install_data'], 'cwd': '/home/cc/ee106a/fa26/class/ee106a-aej/ros_workspaces/lab3/src/tf_listener', 'env': {'ARCH': 'x86_64', 'QT_SCALE_FACTOR': '1', 'USER': 'ee106a-aej', 'HOSTNAME': 'ros2', 'XDG_SESSION_TYPE': 'x11', 'MASTERDIR': '/home/ff/ee106a', 'COMPIZ_CONFIG_PROFILE': 'mate', 'XDG_CACHE_HOME': '/home/cc/ee106a/fa26/class/ee106a-aej/.cache', 'SHLVL': '2', 'LD_LIBRARY_PATH': '/usr/lib/x86_64-linux-gnu/gazebo-11/plugins:/opt/ros/humble/opt/rviz_ogre_vendor/lib:/opt/ros/humble/lib/x86_64-linux-gnu:/opt/ros/humble/lib', 'HOME': '/home/cc/ee106a/fa26/class/ee106a-aej', 'OLDPWD': '/home/cc/ee106a/fa26/class/ee106a-aej/ros_workspaces', 'DESKTOP_SESSION': 'mate', 'ROS_PYTHON_VERSION': '3', 'GTK_MODULES': 'gail:atk-bridge:appmenu-gtk-module:gail:atk-bridge:canberra-gtk-module', 'EE106_UR_ROBOT_IP': '192.168.1.101', 'MANAGERPID': '107037', 'DISTROBOX_ENTER_PATH': '/usr/local/bin/distrobox-enter', 'DBUS_STARTER_BUS_TYPE': 'session', 'SYSTEMD_EXEC_PID': '107037', 'NNTPSERVER': 'news.csua.berkeley.edu', 'VISUAL': 'emacs', 'XDG_STATE_HOME': '/home/cc/ee106a/fa26/class/ee106a-aej/.local/state', 'DBUS_SESSION_BUS_ADDRESS': 'unix:path=/run/user/90978/bus,guid=31562aa21c4b85012f3fec056aa82192', 'COLORTERM': 'truecolor', 'container': 'podman', 'UBUNTU_MENUPROXY': '1', 'QT_QPA_PLATFORMTHEME': 'gtk2', 'IM_CONFIG_PHASE': '1', 'COLCON_PREFIX_PATH': '/home/ff/ee106a/robot_workspaces/ur/install', 'ROS_DISTRO': 'humble', 'GTK_IM_MODULE': 'ibus', 'LOGNAME': 'ee106a-aej', 'MASTER': 'ee106a', 'WINDOWID': '31457286', 'JOURNAL_STREAM': '8:858859', 'ROS_VERSION': '2', 'XDG_SESSION_CLASS': 'user', 'TERMINFO_DIRS': '/usr/share/terminfo:/run/host/usr/share/terminfo', 'USERNAME': 'ee106a-aej', 'TERM': 'xterm-256color', 'GTK_OVERLAY_SCROLLING': '0', 'ROS_LOCALHOST_ONLY': '0', 'WINDOWPATH': '3', 'PATH': '/opt/ros/humble/bin:/share/b/grading/bin:/home/ff/ee106a/bin:/home/ff/ee106a/bin/arch/x86_64:/share/b/grading/bin:/home/ff/ee106a/bin:/home/ff/ee106a/bin/arch/x86_64:/usr/local/sbin:/usr/local/bin:/usr/sbin:/usr/bin:/sbin:/bin:/usr/games:/usr/local/games:/snap/bin:/snap/bin:/share/b/grading/bin:/share/b/grading/sbin:/share/b/runas/x86_64:/share/b/bin:/home/ff/ee106a/venvs/all:/usr/local/sbin:/usr/local/bin:/usr/sbin:/usr/bin:/sbin:/bin:/share/b/grading/bin:/share/b/grading/sbin:/share/b/runas/x86_64:/share/b/bin:/home/ff/ee106a/venvs/all', 'SESSION_MANAGER': 'local/c105-7:@/tmp/.ICE-unix/107122,unix/c105-7:/tmp/.ICE-unix/107122', 'INVOCATION_ID': 'cb0846482c304853a89b0820de4d3b9d', 'OS': 'Linux', 'XDG_RUNTIME_DIR': '/run/user/90978', 'DISPLAY': ':2', 'LANG': 'en_US.UTF-8', 'XDG_CURRENT_DESKTOP': 'MATE', 'XDG_DATA_HOME': '/home/cc/ee106a/fa26/class/ee106a-aej/.local/share', 'XDG_CONFIG_HOME': '/home/cc/ee106a/fa26/class/ee106a-aej/.config', 'XMODIFIERS': '@im=ibus', 'XDG_SESSION_DESKTOP': 'mate', 'XAUTHORITY': '/run/user/90978/gdm/Xauthority', 'SSH_AUTH_SOCK': '/run/user/90978/keyring/ssh', 'ROS_DOMAIN_ID': '27', 'AMENT_PREFIX_PATH': '/home/ff/ee106a/robot_workspaces/ur/install/ur7e_utils:/opt/ros/humble', 'SHELL': '/usr/bin/bash', 'QT_ACCESSIBILITY': '1', 'EE106_UR_ROBOT_NAME': 'r2d2', 'GDMSESSION': 'mate', 'RUNAS': '/share/b/runas/x86_64', 'GPG_AGENT_INFO': '/run/user/90978/gnupg/S.gpg-agent:0:1', 'CONFIG_SHELL': '/usr/bin/ksh', 'QT_IM_MODULE': 'ibus', 'PWD': '/home/cc/ee106a/fa26/class/ee106a-aej/ros_workspaces/lab3/build/tf_listener', 'EE106_ENV_SETUP': 'ur_ros2', 'CONTAINER_ID': 'ros2', 'LC_ALL': 'C.UTF-8', 'XDG_CONFIG_DIRS': '/etc/xdg/xdg-mate:/etc/xdg', 'CLUTTER_IM_MODULE': 'ibus', 'DBUS_STARTER_ADDRESS': 'unix:path=/run/user/90978/bus,guid=31562aa21c4b85012f3fec056aa82192', 'XDG_DATA_DIRS': '/usr/share/mate:/usr/share/mate:/usr/share/gnome:/home/cc/ee106a/fa26/class/ee106a-aej/.local/share/flatpak/exports/share:/var/lib/flatpak/exports/share:/usr/local/share/:/usr/share/:/var/lib/snapd/desktop:/usr/local/share:/usr/share', 'PYTHONPATH': '/home/cc/ee106a/fa26/class/ee106a-aej/ros_workspaces/lab3/build/tf_listener/prefix_override:/usr/lib/python3/dist-packages/colcon_core/task/python/colcon_distutils_commands:/home/cc/ee106a/fa26/class/ee106a-aej/ros_workspaces/lab3/install/tf_listener/lib/python3.10/site-packages:/home/ff/ee106a/robot_workspaces/ur/install/ur7e_utils/lib/python3.10/site-packages:/opt/ros/humble/lib/python3.10/site-packages:/opt/ros/humble/local/lib/python3.10/dist-packages', 'MATE_DESKTOP_SESSION_ID': 'this-is-deprecated', 'COLCON': '1', 'MANPATH': '/usr/local/man:/usr/man:/usr/X11/man:/usr/local/man:/share/b/grading/man:/usr/local/man:/usr/man:/usr/X11/man:/usr/local/man:/share/b/grading/man:', 'VTE_VERSION': '6800', 'EDITOR': 'emacs', 'QT_FONT_DPI': '122'}, 'shell': False}
[2.696682] (joint_control) Command: {'cmd': ['/usr/bin/python3', '-W', 'ignore:setup.py install is deprecated', '-W', 'ignore:easy_install command is deprecated', 'setup.py', 'egg_info', '--egg-base', '../../build/joint_control', 'build', '--build-base', '/home/cc/ee106a/fa26/class/ee106a-aej/ros_workspaces/lab3/build/joint_control/build', 'install', '--record', '/home/cc/ee106a/fa26/class/ee106a-aej/ros_workspaces/lab3/build/joint_control/install.log', '--install-scripts', '$base/lib/joint_control', '--single-version-externally-managed', 'install_data'], 'cwd': '/home/cc/ee106a/fa26/class/ee106a-aej/ros_workspaces/lab3/src/joint_control', 'env': {'ARCH': 'x86_64', 'QT_SCALE_FACTOR': '1', 'USER': 'ee106a-aej', 'HOSTNAME': 'ros2', 'XDG_SESSION_TYPE': 'x11', 'MASTERDIR': '/home/ff/ee106a', 'COMPIZ_CONFIG_PROFILE': 'mate', 'XDG_CACHE_HOME': '/home/cc/ee106a/fa26/class/ee106a-aej/.cache', 'SHLVL': '2', 'LD_LIBRARY_PATH': '/usr/lib/x86_64-linux-gnu/gazebo-11/plugins:/opt/ros/humble/opt/rviz_ogre_vendor/lib:/opt/ros/humble/lib/x86_64-linux-gnu:/opt/ros/humble/lib', 'HOME': '/home/cc/ee106a/fa26/class/ee106a-aej', 'OLDPWD': '/home/cc/ee106a/fa26/class/ee106a-aej/ros_workspaces', 'DESKTOP_SESSION': 'mate', 'ROS_PYTHON_VERSION': '3', 'GTK_MODULES': 'gail:atk-bridge:appmenu-gtk-module:gail:atk-bridge:canberra-gtk-module', 'EE106_UR_ROBOT_IP': '192.168.1.101', 'MANAGERPID': '107037', 'DISTROBOX_ENTER_PATH': '/usr/local/bin/distrobox-enter', 'DBUS_STARTER_BUS_TYPE': 'session', 'SYSTEMD_EXEC_PID': '107037', 'NNTPSERVER': 'news.csua.berkeley.edu', 'VISUAL': 'emacs', 'XDG_STATE_HOME': '/home/cc/ee106a/fa26/class/ee106a-aej/.local/state', 'DBUS_SESSION_BUS_ADDRESS': 'unix:path=/run/user/90978/bus,guid=31562aa21c4b85012f3fec056aa82192', 'COLORTERM': 'truecolor', 'container': 'podman', 'UBUNTU_MENUPROXY': '1', 'QT_QPA_PLATFORMTHEME': 'gtk2', 'IM_CONFIG_PHASE': '1', 'COLCON_PREFIX_PATH': '/home/ff/ee106a/robot_workspaces/ur/install', 'ROS_DISTRO': 'humble', 'GTK_IM_MODULE': 'ibus', 'LOGNAME': 'ee106a-aej', 'MASTER': 'ee106a', 'WINDOWID': '31457286', 'JOURNAL_STREAM': '8:858859', 'ROS_VERSION': '2', 'XDG_SESSION_CLASS': 'user', 'TERMINFO_DIRS': '/usr/share/terminfo:/run/host/usr/share/terminfo', 'USERNAME': 'ee106a-aej', 'TERM': 'xterm-256color', 'GTK_OVERLAY_SCROLLING': '0', 'ROS_LOCALHOST_ONLY': '0', 'WINDOWPATH': '3', 'PATH': '/opt/ros/humble/bin:/share/b/grading/bin:/home/ff/ee106a/bin:/home/ff/ee106a/bin/arch/x86_64:/share/b/grading/bin:/home/ff/ee106a/bin:/home/ff/ee106a/bin/arch/x86_64:/usr/local/sbin:/usr/local/bin:/usr/sbin:/usr/bin:/sbin:/bin:/usr/games:/usr/local/games:/snap/bin:/snap/bin:/share/b/grading/bin:/share/b/grading/sbin:/share/b/runas/x86_64:/share/b/bin:/home/ff/ee106a/venvs/all:/usr/local/sbin:/usr/local/bin:/usr/sbin:/usr/bin:/sbin:/bin:/share/b/grading/bin:/share/b/grading/sbin:/share/b/runas/x86_64:/share/b/bin:/home/ff/ee106a/venvs/all', 'SESSION_MANAGER': 'local/c105-7:@/tmp/.ICE-unix/107122,unix/c105-7:/tmp/.ICE-unix/107122', 'INVOCATION_ID': 'cb0846482c304853a89b0820de4d3b9d', 'OS': 'Linux', 'XDG_RUNTIME_DIR': '/run/user/90978', 'DISPLAY': ':2', 'LANG': 'en_US.UTF-8', 'XDG_CURRENT_DESKTOP': 'MATE', 'XDG_DATA_HOME': '/home/cc/ee106a/fa26/class/ee106a-aej/.local/share', 'XDG_CONFIG_HOME': '/home/cc/ee106a/fa26/class/ee106a-aej/.config', 'XMODIFIERS': '@im=ibus', 'XDG_SESSION_DESKTOP': 'mate', 'XAUTHORITY': '/run/user/90978/gdm/Xauthority', 'SSH_AUTH_SOCK': '/run/user/90978/keyring/ssh', 'ROS_DOMAIN_ID': '27', 'AMENT_PREFIX_PATH': '/home/ff/ee106a/robot_workspaces/ur/install/ur7e_utils:/opt/ros/humble', 'SHELL': '/usr/bin/bash', 'QT_ACCESSIBILITY': '1', 'EE106_UR_ROBOT_NAME': 'r2d2', 'GDMSESSION': 'mate', 'RUNAS': '/share/b/runas/x86_64', 'GPG_AGENT_INFO': '/run/user/90978/gnupg/S.gpg-agent:0:1', 'CONFIG_SHELL': '/usr/bin/ksh', 'QT_IM_MODULE': 'ibus', 'PWD': '/home/cc/ee106a/fa26/class/ee106a-aej/ros_workspaces/lab3/build/joint_control', 'EE106_ENV_SETUP': 'ur_ros2', 'CONTAINER_ID': 'ros2', 'LC_ALL': 'C.UTF-8', 'XDG_CONFIG_DIRS': '/etc/xdg/xdg-mate:/etc/xdg', 'CLUTTER_IM_MODULE': 'ibus', 'DBUS_STARTER_ADDRESS': 'unix:path=/run/user/90978/bus,guid=31562aa21c4b85012f3fec056aa82192', 'XDG_DATA_DIRS': '/usr/share/mate:/usr/share/mate:/usr/share/gnome:/home/cc/ee106a/fa26/class/ee106a-aej/.local/share/flatpak/exports/share:/var/lib/flatpak/exports/share:/usr/local/share/:/usr/share/:/var/lib/snapd/desktop:/usr/local/share:/usr/share', 'PYTHONPATH': '/home/cc/ee106a/fa26/class/ee106a-aej/ros_workspaces/lab3/build/joint_control/prefix_override:/usr/lib/python3/dist-packages/colcon_core/task/python/colcon_distutils_commands:/home/cc/ee106a/fa26/class/ee106a-aej/ros_workspaces/lab3/install/joint_control/lib/python3.10/site-packages:/home/ff/ee106a/robot_workspaces/ur/install/ur7e_utils/lib/python3.10/site-packages:/opt/ros/humble/lib/python3.10/site-packages:/opt/ros/humble/local/lib/python3.10/dist-packages', 'MATE_DESKTOP_SESSION_ID': 'this-is-deprecated', 'COLCON': '1', 'MANPATH': '/usr/local/man:/usr/man:/usr/X11/man:/usr/local/man:/share/b/grading/man:/usr/local/man:/usr/man:/usr/X11/man:/usr/local/man:/share/b/grading/man:', 'VTE_VERSION': '6800', 'EDITOR': 'emacs', 'QT_FONT_DPI': '122'}, 'shell': False}
[2.705687] (-) TimerEvent: {}
[2.705764] (forward_kinematics) Command: {'cmd': ['/usr/bin/python3', '-W', 'ignore:setup.py install is deprecated', '-W', 'ignore:easy_install command is deprecated', 'setup.py', 'egg_info', '--egg-base', '../../build/forward_kinematics', 'build', '--build-base', '/home/cc/ee106a/fa26/class/ee106a-aej/ros_workspaces/lab3/build/forward_kinematics/build', 'install', '--record', '/home/cc/ee106a/fa26/class/ee106a-aej/ros_workspaces/lab3/build/forward_kinematics/install.log', '--install-scripts', '$base/lib/forward_kinematics', '--single-version-externally-managed', 'install_data'], 'cwd': '/home/cc/ee106a/fa26/class/ee106a-aej/ros_workspaces/lab3/src/forward_kinematics', 'env': {'ARCH': 'x86_64', 'QT_SCALE_FACTOR': '1', 'USER': 'ee106a-aej', 'HOSTNAME': 'ros2', 'XDG_SESSION_TYPE': 'x11', 'MASTERDIR': '/home/ff/ee106a', 'COMPIZ_CONFIG_PROFILE': 'mate', 'XDG_CACHE_HOME': '/home/cc/ee106a/fa26/class/ee106a-aej/.cache', 'SHLVL': '2', 'LD_LIBRARY_PATH': '/usr/lib/x86_64-linux-gnu/gazebo-11/plugins:/opt/ros/humble/opt/rviz_ogre_vendor/lib:/opt/ros/humble/lib/x86_64-linux-gnu:/opt/ros/humble/lib', 'HOME': '/home/cc/ee106a/fa26/class/ee106a-aej', 'OLDPWD': '/home/cc/ee106a/fa26/class/ee106a-aej/ros_workspaces', 'DESKTOP_SESSION': 'mate', 'ROS_PYTHON_VERSION': '3', 'GTK_MODULES': 'gail:atk-bridge:appmenu-gtk-module:gail:atk-bridge:canberra-gtk-module', 'EE106_UR_ROBOT_IP': '192.168.1.101', 'MANAGERPID': '107037', 'DISTROBOX_ENTER_PATH': '/usr/local/bin/distrobox-enter', 'DBUS_STARTER_BUS_TYPE': 'session', 'SYSTEMD_EXEC_PID': '107037', 'NNTPSERVER': 'news.csua.berkeley.edu', 'VISUAL': 'emacs', 'XDG_STATE_HOME': '/home/cc/ee106a/fa26/class/ee106a-aej/.local/state', 'DBUS_SESSION_BUS_ADDRESS': 'unix:path=/run/user/90978/bus,guid=31562aa21c4b85012f3fec056aa82192', 'COLORTERM': 'truecolor', 'container': 'podman', 'UBUNTU_MENUPROXY': '1', 'QT_QPA_PLATFORMTHEME': 'gtk2', 'IM_CONFIG_PHASE': '1', 'COLCON_PREFIX_PATH': '/home/ff/ee106a/robot_workspaces/ur/install', 'ROS_DISTRO': 'humble', 'GTK_IM_MODULE': 'ibus', 'LOGNAME': 'ee106a-aej', 'MASTER': 'ee106a', 'WINDOWID': '31457286', 'JOURNAL_STREAM': '8:858859', 'ROS_VERSION': '2', 'XDG_SESSION_CLASS': 'user', 'TERMINFO_DIRS': '/usr/share/terminfo:/run/host/usr/share/terminfo', 'USERNAME': 'ee106a-aej', 'TERM': 'xterm-256color', 'GTK_OVERLAY_SCROLLING': '0', 'ROS_LOCALHOST_ONLY': '0', 'WINDOWPATH': '3', 'PATH': '/opt/ros/humble/bin:/share/b/grading/bin:/home/ff/ee106a/bin:/home/ff/ee106a/bin/arch/x86_64:/share/b/grading/bin:/home/ff/ee106a/bin:/home/ff/ee106a/bin/arch/x86_64:/usr/local/sbin:/usr/local/bin:/usr/sbin:/usr/bin:/sbin:/bin:/usr/games:/usr/local/games:/snap/bin:/snap/bin:/share/b/grading/bin:/share/b/grading/sbin:/share/b/runas/x86_64:/share/b/bin:/home/ff/ee106a/venvs/all:/usr/local/sbin:/usr/local/bin:/usr/sbin:/usr/bin:/sbin:/bin:/share/b/grading/bin:/share/b/grading/sbin:/share/b/runas/x86_64:/share/b/bin:/home/ff/ee106a/venvs/all', 'SESSION_MANAGER': 'local/c105-7:@/tmp/.ICE-unix/107122,unix/c105-7:/tmp/.ICE-unix/107122', 'INVOCATION_ID': 'cb0846482c304853a89b0820de4d3b9d', 'OS': 'Linux', 'XDG_RUNTIME_DIR': '/run/user/90978', 'DISPLAY': ':2', 'LANG': 'en_US.UTF-8', 'XDG_CURRENT_DESKTOP': 'MATE', 'XDG_DATA_HOME': '/home/cc/ee106a/fa26/class/ee106a-aej/.local/share', 'XDG_CONFIG_HOME': '/home/cc/ee106a/fa26/class/ee106a-aej/.config', 'XMODIFIERS': '@im=ibus', 'XDG_SESSION_DESKTOP': 'mate', 'XAUTHORITY': '/run/user/90978/gdm/Xauthority', 'SSH_AUTH_SOCK': '/run/user/90978/keyring/ssh', 'ROS_DOMAIN_ID': '27', 'AMENT_PREFIX_PATH': '/home/ff/ee106a/robot_workspaces/ur/install/ur7e_utils:/opt/ros/humble', 'SHELL': '/usr/bin/bash', 'QT_ACCESSIBILITY': '1', 'EE106_UR_ROBOT_NAME': 'r2d2', 'GDMSESSION': 'mate', 'RUNAS': '/share/b/runas/x86_64', 'GPG_AGENT_INFO': '/run/user/90978/gnupg/S.gpg-agent:0:1', 'CONFIG_SHELL': '/usr/bin/ksh', 'QT_IM_MODULE': 'ibus', 'PWD': '/home/cc/ee106a/fa26/class/ee106a-aej/ros_workspaces/lab3/build/forward_kinematics', 'EE106_ENV_SETUP': 'ur_ros2', 'CONTAINER_ID': 'ros2', 'LC_ALL': 'C.UTF-8', 'XDG_CONFIG_DIRS': '/etc/xdg/xdg-mate:/etc/xdg', 'CLUTTER_IM_MODULE': 'ibus', 'DBUS_STARTER_ADDRESS': 'unix:path=/run/user/90978/bus,guid=31562aa21c4b85012f3fec056aa82192', 'XDG_DATA_DIRS': '/usr/share/mate:/usr/share/mate:/usr/share/gnome:/home/cc/ee106a/fa26/class/ee106a-aej/.local/share/flatpak/exports/share:/var/lib/flatpak/exports/share:/usr/local/share/:/usr/share/:/var/lib/snapd/desktop:/usr/local/share:/usr/share', 'PYTHONPATH': '/home/cc/ee106a/fa26/class/ee106a-aej/ros_workspaces/lab3/build/forward_kinematics/prefix_override:/usr/lib/python3/dist-packages/colcon_core/task/python/colcon_distutils_commands:/home/cc/ee106a/fa26/class/ee106a-aej/ros_workspaces/lab3/install/forward_kinematics/lib/python3.10/site-packages:/home/ff/ee106a/robot_workspaces/ur/install/ur7e_utils/lib/python3.10/site-packages:/opt/ros/humble/lib/python3.10/site-packages:/opt/ros/humble/local/lib/python3.10/dist-packages', 'MATE_DESKTOP_SESSION_ID': 'this-is-deprecated', 'COLCON': '1', 'MANPATH': '/usr/local/man:/usr/man:/usr/X11/man:/usr/local/man:/share/b/grading/man:/usr/local/man:/usr/man:/usr/X11/man:/usr/local/man:/share/b/grading/man:', 'VTE_VERSION': '6800', 'EDITOR': 'emacs', 'QT_FONT_DPI': '122'}, 'shell': False}
[2.748817] (straight_line_interface) StdoutLine: {'line': b'-- Found Python3: /usr/bin/python3 (found version "3.10.12") found components: Interpreter \n'}
[2.805793] (-) TimerEvent: {}
[2.893947] (joint_control) StdoutLine: {'line': b'running egg_info\n'}
[2.894680] (joint_control) StdoutLine: {'line': b'creating ../../build/joint_control/joint_control.egg-info\n'}
[2.897226] (joint_control) StdoutLine: {'line': b'writing ../../build/joint_control/joint_control.egg-info/PKG-INFO\n'}
[2.904157] (joint_control) StdoutLine: {'line': b'writing dependency_links to ../../build/joint_control/joint_control.egg-info/dependency_links.txt\n'}
[2.904343] (forward_kinematics) StdoutLine: {'line': b'running egg_info\n'}
[2.905057] (forward_kinematics) StdoutLine: {'line': b'creating ../../build/forward_kinematics/forward_kinematics.egg-info\n'}
[2.905786] (-) TimerEvent: {}
[2.907535] (joint_control) StdoutLine: {'line': b'writing entry points to ../../build/joint_control/joint_control.egg-info/entry_points.txt\n'}
[2.908176] (forward_kinematics) StdoutLine: {'line': b'writing ../../build/forward_kinematics/forward_kinematics.egg-info/PKG-INFO\n'}
[2.908710] (tf_listener) StdoutLine: {'line': b'running egg_info\n'}
[2.909512] (tf_listener) StdoutLine: {'line': b'creating ../../build/tf_listener/tf_listener.egg-info\n'}
[2.910204] (joint_control) StdoutLine: {'line': b'writing requirements to ../../build/joint_control/joint_control.egg-info/requires.txt\n'}
[2.912605] (tf_listener) StdoutLine: {'line': b'writing ../../build/tf_listener/tf_listener.egg-info/PKG-INFO\n'}
[2.912679] (joint_control) StdoutLine: {'line': b'writing top-level names to ../../build/joint_control/joint_control.egg-info/top_level.txt\n'}
[2.914269] (forward_kinematics) StdoutLine: {'line': b'writing dependency_links to ../../build/forward_kinematics/forward_kinematics.egg-info/dependency_links.txt\n'}
[2.915705] (joint_control) StdoutLine: {'line': b"writing manifest file '../../build/joint_control/joint_control.egg-info/SOURCES.txt'\n"}
[2.917491] (forward_kinematics) StdoutLine: {'line': b'writing entry points to ../../build/forward_kinematics/forward_kinematics.egg-info/entry_points.txt\n'}
[2.918660] (tf_listener) StdoutLine: {'line': b'writing dependency_links to ../../build/tf_listener/tf_listener.egg-info/dependency_links.txt\n'}
[2.921160] (forward_kinematics) StdoutLine: {'line': b'writing requirements to ../../build/forward_kinematics/forward_kinematics.egg-info/requires.txt\n'}
[2.922253] (tf_listener) StdoutLine: {'line': b'writing entry points to ../../build/tf_listener/tf_listener.egg-info/entry_points.txt\n'}
[2.922297] (joint_control) StdoutLine: {'line': b"reading manifest file '../../build/joint_control/joint_control.egg-info/SOURCES.txt'\n"}
[2.923851] (joint_control) StdoutLine: {'line': b"writing manifest file '../../build/joint_control/joint_control.egg-info/SOURCES.txt'\n"}
[2.924105] (forward_kinematics) StdoutLine: {'line': b'writing top-level names to ../../build/forward_kinematics/forward_kinematics.egg-info/top_level.txt\n'}
[2.924672] (tf_listener) StdoutLine: {'line': b'writing requirements to ../../build/tf_listener/tf_listener.egg-info/requires.txt\n'}
[2.924775] (joint_control) StdoutLine: {'line': b'running build\n'}
[2.924858] (joint_control) StdoutLine: {'line': b'running build_py\n'}
[2.925642] (joint_control) StdoutLine: {'line': b'creating /home/cc/ee106a/fa26/class/ee106a-aej/ros_workspaces/lab3/build/joint_control/build\n'}
[2.927220] (joint_control) StdoutLine: {'line': b'creating /home/cc/ee106a/fa26/class/ee106a-aej/ros_workspaces/lab3/build/joint_control/build/lib\n'}
[2.927453] (forward_kinematics) StdoutLine: {'line': b"writing manifest file '../../build/forward_kinematics/forward_kinematics.egg-info/SOURCES.txt'\n"}
[2.927598] (tf_listener) StdoutLine: {'line': b'writing top-level names to ../../build/tf_listener/tf_listener.egg-info/top_level.txt\n'}
[2.929318] (joint_control) StdoutLine: {'line': b'creating /home/cc/ee106a/fa26/class/ee106a-aej/ros_workspaces/lab3/build/joint_control/build/lib/joint_control\n'}
[2.931325] (joint_control) StdoutLine: {'line': b'copying joint_control/joint_controller.py -> /home/cc/ee106a/fa26/class/ee106a-aej/ros_workspaces/lab3/build/joint_control/build/lib/joint_control\n'}
[2.932044] (tf_listener) StdoutLine: {'line': b"writing manifest file '../../build/tf_listener/tf_listener.egg-info/SOURCES.txt'\n"}
[2.933948] (forward_kinematics) StdoutLine: {'line': b"reading manifest file '../../build/forward_kinematics/forward_kinematics.egg-info/SOURCES.txt'\n"}
[2.935338] (forward_kinematics) StdoutLine: {'line': b"writing manifest file '../../build/forward_kinematics/forward_kinematics.egg-info/SOURCES.txt'\n"}
[2.936165] (joint_control) StdoutLine: {'line': b'copying joint_control/__init__.py -> /home/cc/ee106a/fa26/class/ee106a-aej/ros_workspaces/lab3/build/joint_control/build/lib/joint_control\n'}
[2.936434] (forward_kinematics) StdoutLine: {'line': b'running build\n'}
[2.937602] (forward_kinematics) StdoutLine: {'line': b'running build_py\n'}
[2.937666] (forward_kinematics) StdoutLine: {'line': b'creating /home/cc/ee106a/fa26/class/ee106a-aej/ros_workspaces/lab3/build/forward_kinematics/build\n'}
[2.938435] (tf_listener) StdoutLine: {'line': b"reading manifest file '../../build/tf_listener/tf_listener.egg-info/SOURCES.txt'\n"}
[2.938923] (forward_kinematics) StdoutLine: {'line': b'creating /home/cc/ee106a/fa26/class/ee106a-aej/ros_workspaces/lab3/build/forward_kinematics/build/lib\n'}
[2.939182] (joint_control) StdoutLine: {'line': b'copying joint_control/moveit_controller.py -> /home/cc/ee106a/fa26/class/ee106a-aej/ros_workspaces/lab3/build/joint_control/build/lib/joint_control\n'}
[2.940458] (forward_kinematics) StdoutLine: {'line': b'creating /home/cc/ee106a/fa26/class/ee106a-aej/ros_workspaces/lab3/build/forward_kinematics/build/lib/forward_kinematics\n'}
[2.940840] (tf_listener) StdoutLine: {'line': b"writing manifest file '../../build/tf_listener/tf_listener.egg-info/SOURCES.txt'\n"}
[2.941816] (tf_listener) StdoutLine: {'line': b'running build\n'}
[2.941964] (tf_listener) StdoutLine: {'line': b'running build_py\n'}
[2.943297] (forward_kinematics) StdoutLine: {'line': b'copying forward_kinematics/forward_kinematics_node.py -> /home/cc/ee106a/fa26/class/ee106a-aej/ros_workspaces/lab3/build/forward_kinematics/build/lib/forward_kinematics\n'}
[2.943413] (joint_control) StdoutLine: {'line': b'copying joint_control/validate_trajectory.py -> /home/cc/ee106a/fa26/class/ee106a-aej/ros_workspaces/lab3/build/joint_control/build/lib/joint_control\n'}
[2.943510] (tf_listener) StdoutLine: {'line': b'creating /home/cc/ee106a/fa26/class/ee106a-aej/ros_workspaces/lab3/build/tf_listener/build\n'}
[2.944696] (tf_listener) StdoutLine: {'line': b'creating /home/cc/ee106a/fa26/class/ee106a-aej/ros_workspaces/lab3/build/tf_listener/build/lib\n'}
[2.946617] (tf_listener) StdoutLine: {'line': b'creating /home/cc/ee106a/fa26/class/ee106a-aej/ros_workspaces/lab3/build/tf_listener/build/lib/tf_listener\n'}
[2.947259] (forward_kinematics) StdoutLine: {'line': b'copying forward_kinematics/kin_func_skeleton.py -> /home/cc/ee106a/fa26/class/ee106a-aej/ros_workspaces/lab3/build/forward_kinematics/build/lib/forward_kinematics\n'}
[2.947329] (joint_control) StdoutLine: {'line': b'running install\n'}
[2.947800] (joint_control) StdoutLine: {'line': b'running install_lib\n'}
[2.949583] (tf_listener) StdoutLine: {'line': b'copying tf_listener/tf_listener.py -> /home/cc/ee106a/fa26/class/ee106a-aej/ros_workspaces/lab3/build/tf_listener/build/lib/tf_listener\n'}
[2.951467] (joint_control) StdoutLine: {'line': b'creating /home/cc/ee106a/fa26/class/ee106a-aej/ros_workspaces/lab3/install/joint_control/lib/python3.10/site-packages/joint_control\n'}
[2.951923] (forward_kinematics) StdoutLine: {'line': b'copying forward_kinematics/__init__.py -> /home/cc/ee106a/fa26/class/ee106a-aej/ros_workspaces/lab3/build/forward_kinematics/build/lib/forward_kinematics\n'}
[2.953732] (joint_control) StdoutLine: {'line': b'copying /home/cc/ee106a/fa26/class/ee106a-aej/ros_workspaces/lab3/build/joint_control/build/lib/joint_control/joint_controller.py -> /home/cc/ee106a/fa26/class/ee106a-aej/ros_workspaces/lab3/install/joint_control/lib/python3.10/site-packages/joint_control\n'}
[2.954296] (tf_listener) StdoutLine: {'line': b'copying tf_listener/__init__.py -> /home/cc/ee106a/fa26/class/ee106a-aej/ros_workspaces/lab3/build/tf_listener/build/lib/tf_listener\n'}
[2.955198] (forward_kinematics) StdoutLine: {'line': b'running install\n'}
[2.955595] (forward_kinematics) StdoutLine: {'line': b'running install_lib\n'}
[2.957925] (tf_listener) StdoutLine: {'line': b'running install\n'}
[2.959212] (tf_listener) StdoutLine: {'line': b'running install_lib\n'}
[2.960502] (forward_kinematics) StdoutLine: {'line': b'creating /home/cc/ee106a/fa26/class/ee106a-aej/ros_workspaces/lab3/install/forward_kinematics/lib/python3.10/site-packages/forward_kinematics\n'}
[2.960733] (joint_control) StdoutLine: {'line': b'copying /home/cc/ee106a/fa26/class/ee106a-aej/ros_workspaces/lab3/build/joint_control/build/lib/joint_control/validate_trajectory.py -> /home/cc/ee106a/fa26/class/ee106a-aej/ros_workspaces/lab3/install/joint_control/lib/python3.10/site-packages/joint_control\n'}
[2.960928] (forward_kinematics) StdoutLine: {'line': b'copying /home/cc/ee106a/fa26/class/ee106a-aej/ros_workspaces/lab3/build/forward_kinematics/build/lib/forward_kinematics/forward_kinematics_node.py -> /home/cc/ee106a/fa26/class/ee106a-aej/ros_workspaces/lab3/install/forward_kinematics/lib/python3.10/site-packages/forward_kinematics\n'}
[2.962384] (tf_listener) StdoutLine: {'line': b'creating /home/cc/ee106a/fa26/class/ee106a-aej/ros_workspaces/lab3/install/tf_listener/lib/python3.10/site-packages/tf_listener\n'}
[2.964453] (joint_control) StdoutLine: {'line': b'copying /home/cc/ee106a/fa26/class/ee106a-aej/ros_workspaces/lab3/build/joint_control/build/lib/joint_control/moveit_controller.py -> /home/cc/ee106a/fa26/class/ee106a-aej/ros_workspaces/lab3/install/joint_control/lib/python3.10/site-packages/joint_control\n'}
[2.964936] (tf_listener) StdoutLine: {'line': b'copying /home/cc/ee106a/fa26/class/ee106a-aej/ros_workspaces/lab3/build/tf_listener/build/lib/tf_listener/__init__.py -> /home/cc/ee106a/fa26/class/ee106a-aej/ros_workspaces/lab3/install/tf_listener/lib/python3.10/site-packages/tf_listener\n'}
[2.965817] (forward_kinematics) StdoutLine: {'line': b'copying /home/cc/ee106a/fa26/class/ee106a-aej/ros_workspaces/lab3/build/forward_kinematics/build/lib/forward_kinematics/kin_func_skeleton.py -> /home/cc/ee106a/fa26/class/ee106a-aej/ros_workspaces/lab3/install/forward_kinematics/lib/python3.10/site-packages/forward_kinematics\n'}
[2.969028] (joint_control) StdoutLine: {'line': b'copying /home/cc/ee106a/fa26/class/ee106a-aej/ros_workspaces/lab3/build/joint_control/build/lib/joint_control/__init__.py -> /home/cc/ee106a/fa26/class/ee106a-aej/ros_workspaces/lab3/install/joint_control/lib/python3.10/site-packages/joint_control\n'}
[2.969622] (tf_listener) StdoutLine: {'line': b'copying /home/cc/ee106a/fa26/class/ee106a-aej/ros_workspaces/lab3/build/tf_listener/build/lib/tf_listener/tf_listener.py -> /home/cc/ee106a/fa26/class/ee106a-aej/ros_workspaces/lab3/install/tf_listener/lib/python3.10/site-packages/tf_listener\n'}
[2.970824] (forward_kinematics) StdoutLine: {'line': b'copying /home/cc/ee106a/fa26/class/ee106a-aej/ros_workspaces/lab3/build/forward_kinematics/build/lib/forward_kinematics/__init__.py -> /home/cc/ee106a/fa26/class/ee106a-aej/ros_workspaces/lab3/install/forward_kinematics/lib/python3.10/site-packages/forward_kinematics\n'}
[2.975479] (joint_control) StdoutLine: {'line': b'byte-compiling /home/cc/ee106a/fa26/class/ee106a-aej/ros_workspaces/lab3/install/joint_control/lib/python3.10/site-packages/joint_control/joint_controller.py to joint_controller.cpython-310.pyc\n'}
[2.976147] (forward_kinematics) StdoutLine: {'line': b'byte-compiling /home/cc/ee106a/fa26/class/ee106a-aej/ros_workspaces/lab3/install/forward_kinematics/lib/python3.10/site-packages/forward_kinematics/forward_kinematics_node.py to forward_kinematics_node.cpython-310.pyc\n'}
[2.976306] (tf_listener) StdoutLine: {'line': b'byte-compiling /home/cc/ee106a/fa26/class/ee106a-aej/ros_workspaces/lab3/install/tf_listener/lib/python3.10/site-packages/tf_listener/__init__.py to __init__.cpython-310.pyc\n'}
[2.985580] (tf_listener) StdoutLine: {'line': b'byte-compiling /home/cc/ee106a/fa26/class/ee106a-aej/ros_workspaces/lab3/install/tf_listener/lib/python3.10/site-packages/tf_listener/tf_listener.py to tf_listener.cpython-310.pyc\n'}
[2.985645] (forward_kinematics) StdoutLine: {'line': b'byte-compiling /home/cc/ee106a/fa26/class/ee106a-aej/ros_workspaces/lab3/install/forward_kinematics/lib/python3.10/site-packages/forward_kinematics/kin_func_skeleton.py to kin_func_skeleton.cpython-310.pyc\n'}
[2.986597] (joint_control) StdoutLine: {'line': b'byte-compiling /home/cc/ee106a/fa26/class/ee106a-aej/ros_workspaces/lab3/install/joint_control/lib/python3.10/site-packages/joint_control/validate_trajectory.py to validate_trajectory.cpython-310.pyc\n'}
[2.986641] (forward_kinematics) StderrLine: {'line': b'  File "/home/cc/ee106a/fa26/class/ee106a-aej/ros_workspaces/lab3/install/forward_kinematics/lib/python3.10/site-packages/forward_kinematics/kin_func_skeleton.py", line 207\n'}
[2.986677] (forward_kinematics) StderrLine: {'line': b'    def twist_to_SE3(xi, theta = 1)\n'}
[2.986706] (forward_kinematics) StderrLine: {'line': b'                                   ^\n'}
[2.986734] (forward_kinematics) StderrLine: {'line': b"SyntaxError: expected ':'\n"}
[2.986763] (forward_kinematics) StderrLine: {'line': b'\n'}
[2.986793] (forward_kinematics) StdoutLine: {'line': b'byte-compiling /home/cc/ee106a/fa26/class/ee106a-aej/ros_workspaces/lab3/install/forward_kinematics/lib/python3.10/site-packages/forward_kinematics/__init__.py to __init__.cpython-310.pyc\n'}
[2.992896] (forward_kinematics) StdoutLine: {'line': b'running install_data\n'}
[2.992968] (tf_listener) StdoutLine: {'line': b'running install_data\n'}
[2.993353] (joint_control) StdoutLine: {'line': b'byte-compiling /home/cc/ee106a/fa26/class/ee106a-aej/ros_workspaces/lab3/install/joint_control/lib/python3.10/site-packages/joint_control/moveit_controller.py to moveit_controller.cpython-310.pyc\n'}
[2.994492] (forward_kinematics) StdoutLine: {'line': b'creating /home/cc/ee106a/fa26/class/ee106a-aej/ros_workspaces/lab3/install/forward_kinematics/share/ament_index\n'}
[2.994522] (tf_listener) StdoutLine: {'line': b'creating /home/cc/ee106a/fa26/class/ee106a-aej/ros_workspaces/lab3/install/tf_listener/share/ament_index\n'}
[2.995480] (forward_kinematics) StdoutLine: {'line': b'creating /home/cc/ee106a/fa26/class/ee106a-aej/ros_workspaces/lab3/install/forward_kinematics/share/ament_index/resource_index\n'}
[2.996276] (tf_listener) StdoutLine: {'line': b'creating /home/cc/ee106a/fa26/class/ee106a-aej/ros_workspaces/lab3/install/tf_listener/share/ament_index/resource_index\n'}
[2.997844] (tf_listener) StdoutLine: {'line': b'creating /home/cc/ee106a/fa26/class/ee106a-aej/ros_workspaces/lab3/install/tf_listener/share/ament_index/resource_index/packages\n'}
[2.997905] (forward_kinematics) StdoutLine: {'line': b'creating /home/cc/ee106a/fa26/class/ee106a-aej/ros_workspaces/lab3/install/forward_kinematics/share/ament_index/resource_index/packages\n'}
[3.000517] (joint_control) StdoutLine: {'line': b'byte-compiling /home/cc/ee106a/fa26/class/ee106a-aej/ros_workspaces/lab3/install/joint_control/lib/python3.10/site-packages/joint_control/__init__.py to __init__.cpython-310.pyc\n'}
[3.000905] (tf_listener) StdoutLine: {'line': b'copying resource/tf_listener -> /home/cc/ee106a/fa26/class/ee106a-aej/ros_workspaces/lab3/install/tf_listener/share/ament_index/resource_index/packages\n'}
[3.000942] (forward_kinematics) StdoutLine: {'line': b'copying resource/forward_kinematics -> /home/cc/ee106a/fa26/class/ee106a-aej/ros_workspaces/lab3/install/forward_kinematics/share/ament_index/resource_index/packages\n'}
[3.005179] (forward_kinematics) StdoutLine: {'line': b'copying package.xml -> /home/cc/ee106a/fa26/class/ee106a-aej/ros_workspaces/lab3/install/forward_kinematics/share/forward_kinematics\n'}
[3.005850] (-) TimerEvent: {}
[3.006635] (joint_control) StdoutLine: {'line': b'running install_data\n'}
[3.006892] (tf_listener) StdoutLine: {'line': b'copying package.xml -> /home/cc/ee106a/fa26/class/ee106a-aej/ros_workspaces/lab3/install/tf_listener/share/tf_listener\n'}
[3.007243] (joint_control) StdoutLine: {'line': b'creating /home/cc/ee106a/fa26/class/ee106a-aej/ros_workspaces/lab3/install/joint_control/share/ament_index\n'}
[3.008611] (joint_control) StdoutLine: {'line': b'creating /home/cc/ee106a/fa26/class/ee106a-aej/ros_workspaces/lab3/install/joint_control/share/ament_index/resource_index\n'}
[3.010482] (joint_control) StdoutLine: {'line': b'creating /home/cc/ee106a/fa26/class/ee106a-aej/ros_workspaces/lab3/install/joint_control/share/ament_index/resource_index/packages\n'}
[3.011106] (forward_kinematics) StdoutLine: {'line': b'creating /home/cc/ee106a/fa26/class/ee106a-aej/ros_workspaces/lab3/install/forward_kinematics/share/forward_kinematics/urdf\n'}
[3.012079] (tf_listener) StdoutLine: {'line': b'running install_egg_info\n'}
[3.012949] (forward_kinematics) StdoutLine: {'line': b'copying urdf/ur7e_flattened.urdf -> /home/cc/ee106a/fa26/class/ee106a-aej/ros_workspaces/lab3/install/forward_kinematics/share/forward_kinematics/urdf\n'}
[3.013119] (joint_control) StdoutLine: {'line': b'copying resource/joint_control -> /home/cc/ee106a/fa26/class/ee106a-aej/ros_workspaces/lab3/install/joint_control/share/ament_index/resource_index/packages\n'}
[3.018117] (joint_control) StdoutLine: {'line': b'copying package.xml -> /home/cc/ee106a/fa26/class/ee106a-aej/ros_workspaces/lab3/install/joint_control/share/joint_control\n'}
[3.018949] (tf_listener) StdoutLine: {'line': b'Copying ../../build/tf_listener/tf_listener.egg-info to /home/cc/ee106a/fa26/class/ee106a-aej/ros_workspaces/lab3/install/tf_listener/lib/python3.10/site-packages/tf_listener-0.0.0-py3.10.egg-info\n'}
[3.019129] (forward_kinematics) StdoutLine: {'line': b'running install_egg_info\n'}
[3.024011] (joint_control) StdoutLine: {'line': b'running install_egg_info\n'}
[3.024490] (forward_kinematics) StdoutLine: {'line': b'Copying ../../build/forward_kinematics/forward_kinematics.egg-info to /home/cc/ee106a/fa26/class/ee106a-aej/ros_workspaces/lab3/install/forward_kinematics/lib/python3.10/site-packages/forward_kinematics-0.0.0-py3.10.egg-info\n'}
[3.029564] (joint_control) StdoutLine: {'line': b'Copying ../../build/joint_control/joint_control.egg-info to /home/cc/ee106a/fa26/class/ee106a-aej/ros_workspaces/lab3/install/joint_control/lib/python3.10/site-packages/joint_control-0.0.0-py3.10.egg-info\n'}
[3.057482] (straight_line_interface) StdoutLine: {'line': b'-- Found geometry_msgs: 4.9.2 (/opt/ros/humble/share/geometry_msgs/cmake)\n'}
[3.062271] (tf_listener) StdoutLine: {'line': b'running install_scripts\n'}
[3.067653] (forward_kinematics) StdoutLine: {'line': b'running install_scripts\n'}
[3.071895] (joint_control) StdoutLine: {'line': b'running install_scripts\n'}
[3.101081] (tf_listener) StdoutLine: {'line': b"writing list of installed files to '/home/cc/ee106a/fa26/class/ee106a-aej/ros_workspaces/lab3/build/tf_listener/install.log'\n"}
[3.101231] (joint_control) StdoutLine: {'line': b'Installing validate_trajectory script to /home/cc/ee106a/fa26/class/ee106a-aej/ros_workspaces/lab3/install/joint_control/lib/joint_control\n'}
[3.102149] (forward_kinematics) StdoutLine: {'line': b"writing list of installed files to '/home/cc/ee106a/fa26/class/ee106a-aej/ros_workspaces/lab3/build/forward_kinematics/install.log'\n"}
[3.105924] (-) TimerEvent: {}
[3.106725] (joint_control) StdoutLine: {'line': b"writing list of installed files to '/home/cc/ee106a/fa26/class/ee106a-aej/ros_workspaces/lab3/build/joint_control/install.log'\n"}
[3.119245] (forward_kinematics) CommandEnded: {'returncode': 0}
[3.206007] (-) TimerEvent: {}
[3.210830] (straight_line_interface) StdoutLine: {'line': b'-- Found rosidl_generator_c: 3.1.9 (/opt/ros/humble/share/rosidl_generator_c/cmake)\n'}
[3.219584] (forward_kinematics) JobEnded: {'identifier': 'forward_kinematics', 'rc': 0}
[3.224499] (tf_listener) CommandEnded: {'returncode': 0}
[3.225679] (straight_line_interface) StdoutLine: {'line': b'-- Found rosidl_adapter: 3.1.9 (/opt/ros/humble/share/rosidl_adapter/cmake)\n'}
[3.241424] (straight_line_interface) StdoutLine: {'line': b'-- Found rosidl_generator_cpp: 3.1.9 (/opt/ros/humble/share/rosidl_generator_cpp/cmake)\n'}
[3.270809] (tf_listener) JobEnded: {'identifier': 'tf_listener', 'rc': 0}
[3.275559] (joint_control) CommandEnded: {'returncode': 0}
[3.275848] (straight_line_interface) StdoutLine: {'line': b'-- Using all available rosidl_typesupport_c: rosidl_typesupport_fastrtps_c;rosidl_typesupport_introspection_c\n'}
[3.302835] (straight_line_interface) StdoutLine: {'line': b'-- Using all available rosidl_typesupport_cpp: rosidl_typesupport_fastrtps_cpp;rosidl_typesupport_introspection_cpp\n'}
[3.306061] (-) TimerEvent: {}
[3.321090] (joint_control) JobEnded: {'identifier': 'joint_control', 'rc': 0}
[3.350095] (straight_line_interface) StdoutLine: {'line': b'-- Found rosidl_default_generators: 1.2.1 (/opt/ros/humble/share/rosidl_default_generators/cmake)\n'}
[3.406180] (-) TimerEvent: {}
[3.506405] (-) TimerEvent: {}
[3.606597] (-) TimerEvent: {}
[3.706804] (-) TimerEvent: {}
[3.807049] (-) TimerEvent: {}
[3.907464] (-) TimerEvent: {}
[4.007891] (-) TimerEvent: {}
[4.108263] (-) TimerEvent: {}
[4.208601] (-) TimerEvent: {}
[4.260525] (straight_line_interface) StdoutLine: {'line': b'-- Found ament_cmake_ros: 0.10.0 (/opt/ros/humble/share/ament_cmake_ros/cmake)\n'}
[4.308714] (-) TimerEvent: {}
[4.409032] (-) TimerEvent: {}
[4.509358] (-) TimerEvent: {}
[4.609626] (-) TimerEvent: {}
[4.709945] (-) TimerEvent: {}
[4.810200] (-) TimerEvent: {}
[4.910388] (-) TimerEvent: {}
[5.010645] (-) TimerEvent: {}
[5.110946] (-) TimerEvent: {}
[5.211284] (-) TimerEvent: {}
[5.311613] (-) TimerEvent: {}
[5.411853] (-) TimerEvent: {}
[5.512161] (-) TimerEvent: {}
[5.612518] (-) TimerEvent: {}
[5.712868] (-) TimerEvent: {}
[5.813244] (-) TimerEvent: {}
[5.913586] (-) TimerEvent: {}
[6.013850] (-) TimerEvent: {}
[6.114148] (-) TimerEvent: {}
[6.214417] (-) TimerEvent: {}
[6.314809] (-) TimerEvent: {}
[6.415231] (-) TimerEvent: {}
[6.515598] (-) TimerEvent: {}
[6.615926] (-) TimerEvent: {}
[6.625930] (straight_line_interface) StdoutLine: {'line': b'-- Using all available rosidl_typesupport_c: rosidl_typesupport_fastrtps_c;rosidl_typesupport_introspection_c\n'}
[6.716050] (-) TimerEvent: {}
[6.816391] (-) TimerEvent: {}
[6.916696] (-) TimerEvent: {}
[7.017033] (-) TimerEvent: {}
[7.117442] (-) TimerEvent: {}
[7.217801] (-) TimerEvent: {}
[7.318091] (-) TimerEvent: {}
[7.418368] (-) TimerEvent: {}
[7.488182] (straight_line_interface) StdoutLine: {'line': b'-- Using all available rosidl_typesupport_cpp: rosidl_typesupport_fastrtps_cpp;rosidl_typesupport_introspection_cpp\n'}
[7.518472] (-) TimerEvent: {}
[7.562757] (straight_line_interface) StdoutLine: {'line': b'-- Found PythonInterp: /usr/bin/python3 (found suitable version "3.10.12", minimum required is "3.6") \n'}
[7.570259] (straight_line_interface) StdoutLine: {'line': b'-- Found python_cmake_module: 0.10.0 (/opt/ros/humble/share/python_cmake_module/cmake)\n'}
[7.618553] (-) TimerEvent: {}
[7.693585] (straight_line_interface) StdoutLine: {'line': b'-- Found PythonLibs: /usr/lib/x86_64-linux-gnu/libpython3.10.so (found suitable version "3.10.12", minimum required is "3.5") \n'}
[7.693903] (straight_line_interface) StdoutLine: {'line': b'-- Using PYTHON_EXECUTABLE: /usr/bin/python3\n'}
[7.694868] (straight_line_interface) StdoutLine: {'line': b'-- Using PYTHON_INCLUDE_DIRS: /usr/include/python3.10\n'}
[7.694961] (straight_line_interface) StdoutLine: {'line': b'-- Using PYTHON_LIBRARIES: /usr/lib/x86_64-linux-gnu/libpython3.10.so\n'}
[7.718641] (-) TimerEvent: {}
[7.748229] (straight_line_interface) StdoutLine: {'line': b'-- Found PythonExtra: .so  \n'}
[7.818867] (-) TimerEvent: {}
[7.919304] (-) TimerEvent: {}
[8.019660] (-) TimerEvent: {}
[8.119994] (-) TimerEvent: {}
[8.220333] (-) TimerEvent: {}
[8.320677] (-) TimerEvent: {}
[8.421037] (-) TimerEvent: {}
[8.521315] (-) TimerEvent: {}
[8.621602] (-) TimerEvent: {}
[8.680707] (straight_line_interface) StdoutLine: {'line': b'-- Found ament_lint_auto: 0.12.15 (/opt/ros/humble/share/ament_lint_auto/cmake)\n'}
[8.721710] (-) TimerEvent: {}
[8.822052] (-) TimerEvent: {}
[8.922458] (-) TimerEvent: {}
[9.022865] (-) TimerEvent: {}
[9.123150] (-) TimerEvent: {}
[9.209525] (straight_line_interface) StdoutLine: {'line': b"-- Added test 'lint_cmake' to check CMake code style\n"}
[9.220226] (straight_line_interface) StdoutLine: {'line': b"-- Added test 'xmllint' to check XML markup files\n"}
[9.223208] (-) TimerEvent: {}
[9.323369] (-) TimerEvent: {}
[9.374269] (straight_line_interface) StdoutLine: {'line': b'-- Configuring done\n'}
[9.423433] (-) TimerEvent: {}
[9.523596] (-) TimerEvent: {}
[9.623855] (-) TimerEvent: {}
[9.724204] (-) TimerEvent: {}
[9.824572] (-) TimerEvent: {}
[9.924920] (-) TimerEvent: {}
[10.025264] (-) TimerEvent: {}
[10.125585] (-) TimerEvent: {}
[10.225849] (-) TimerEvent: {}
[10.326157] (-) TimerEvent: {}
[10.426617] (-) TimerEvent: {}
[10.437902] (straight_line_interface) StdoutLine: {'line': b'-- Generating done\n'}
[10.526836] (-) TimerEvent: {}
[10.627231] (-) TimerEvent: {}
[10.674688] (straight_line_interface) StdoutLine: {'line': b'-- Build files have been written to: /home/cc/ee106a/fa26/class/ee106a-aej/ros_workspaces/lab3/build/straight_line_interface\n'}
[10.681161] (straight_line_interface) CommandEnded: {'returncode': 0}
[10.681575] (straight_line_interface) JobProgress: {'identifier': 'straight_line_interface', 'progress': 'build'}
[10.685998] (straight_line_interface) Command: {'cmd': ['/usr/bin/cmake', '--build', '/home/cc/ee106a/fa26/class/ee106a-aej/ros_workspaces/lab3/build/straight_line_interface', '--', '-j32', '-l32'], 'cwd': '/home/cc/ee106a/fa26/class/ee106a-aej/ros_workspaces/lab3/build/straight_line_interface', 'env': OrderedDict([('ARCH', 'x86_64'), ('QT_SCALE_FACTOR', '1'), ('USER', 'ee106a-aej'), ('HOSTNAME', 'ros2'), ('XDG_SESSION_TYPE', 'x11'), ('MASTERDIR', '/home/ff/ee106a'), ('COMPIZ_CONFIG_PROFILE', 'mate'), ('XDG_CACHE_HOME', '/home/cc/ee106a/fa26/class/ee106a-aej/.cache'), ('SHLVL', '2'), ('LD_LIBRARY_PATH', '/usr/lib/x86_64-linux-gnu/gazebo-11/plugins:/opt/ros/humble/opt/rviz_ogre_vendor/lib:/opt/ros/humble/lib/x86_64-linux-gnu:/opt/ros/humble/lib'), ('HOME', '/home/cc/ee106a/fa26/class/ee106a-aej'), ('OLDPWD', '/home/cc/ee106a/fa26/class/ee106a-aej/ros_workspaces'), ('DESKTOP_SESSION', 'mate'), ('ROS_PYTHON_VERSION', '3'), ('GTK_MODULES', 'gail:atk-bridge:appmenu-gtk-module:gail:atk-bridge:canberra-gtk-module'), ('EE106_UR_ROBOT_IP', '192.168.1.101'), ('MANAGERPID', '107037'), ('DISTROBOX_ENTER_PATH', '/usr/local/bin/distrobox-enter'), ('DBUS_STARTER_BUS_TYPE', 'session'), ('SYSTEMD_EXEC_PID', '107037'), ('NNTPSERVER', 'news.csua.berkeley.edu'), ('VISUAL', 'emacs'), ('XDG_STATE_HOME', '/home/cc/ee106a/fa26/class/ee106a-aej/.local/state'), ('DBUS_SESSION_BUS_ADDRESS', 'unix:path=/run/user/90978/bus,guid=31562aa21c4b85012f3fec056aa82192'), ('COLORTERM', 'truecolor'), ('container', 'podman'), ('UBUNTU_MENUPROXY', '1'), ('QT_QPA_PLATFORMTHEME', 'gtk2'), ('IM_CONFIG_PHASE', '1'), ('COLCON_PREFIX_PATH', '/home/ff/ee106a/robot_workspaces/ur/install'), ('ROS_DISTRO', 'humble'), ('GTK_IM_MODULE', 'ibus'), ('LOGNAME', 'ee106a-aej'), ('MASTER', 'ee106a'), ('WINDOWID', '31457286'), ('JOURNAL_STREAM', '8:858859'), ('ROS_VERSION', '2'), ('XDG_SESSION_CLASS', 'user'), ('TERMINFO_DIRS', '/usr/share/terminfo:/run/host/usr/share/terminfo'), ('USERNAME', 'ee106a-aej'), ('TERM', 'xterm-256color'), ('GTK_OVERLAY_SCROLLING', '0'), ('ROS_LOCALHOST_ONLY', '0'), ('WINDOWPATH', '3'), ('PATH', '/opt/ros/humble/bin:/share/b/grading/bin:/home/ff/ee106a/bin:/home/ff/ee106a/bin/arch/x86_64:/share/b/grading/bin:/home/ff/ee106a/bin:/home/ff/ee106a/bin/arch/x86_64:/usr/local/sbin:/usr/local/bin:/usr/sbin:/usr/bin:/sbin:/bin:/usr/games:/usr/local/games:/snap/bin:/snap/bin:/share/b/grading/bin:/share/b/grading/sbin:/share/b/runas/x86_64:/share/b/bin:/home/ff/ee106a/venvs/all:/usr/local/sbin:/usr/local/bin:/usr/sbin:/usr/bin:/sbin:/bin:/share/b/grading/bin:/share/b/grading/sbin:/share/b/runas/x86_64:/share/b/bin:/home/ff/ee106a/venvs/all'), ('SESSION_MANAGER', 'local/c105-7:@/tmp/.ICE-unix/107122,unix/c105-7:/tmp/.ICE-unix/107122'), ('INVOCATION_ID', 'cb0846482c304853a89b0820de4d3b9d'), ('OS', 'Linux'), ('XDG_RUNTIME_DIR', '/run/user/90978'), ('DISPLAY', ':2'), ('LANG', 'en_US.UTF-8'), ('XDG_CURRENT_DESKTOP', 'MATE'), ('XDG_DATA_HOME', '/home/cc/ee106a/fa26/class/ee106a-aej/.local/share'), ('XDG_CONFIG_HOME', '/home/cc/ee106a/fa26/class/ee106a-aej/.config'), ('XMODIFIERS', '@im=ibus'), ('XDG_SESSION_DESKTOP', 'mate'), ('XAUTHORITY', '/run/user/90978/gdm/Xauthority'), ('SSH_AUTH_SOCK', '/run/user/90978/keyring/ssh'), ('ROS_DOMAIN_ID', '27'), ('AMENT_PREFIX_PATH', '/home/ff/ee106a/robot_workspaces/ur/install/ur7e_utils:/opt/ros/humble'), ('SHELL', '/usr/bin/bash'), ('QT_ACCESSIBILITY', '1'), ('EE106_UR_ROBOT_NAME', 'r2d2'), ('GDMSESSION', 'mate'), ('RUNAS', '/share/b/runas/x86_64'), ('GPG_AGENT_INFO', '/run/user/90978/gnupg/S.gpg-agent:0:1'), ('CONFIG_SHELL', '/usr/bin/ksh'), ('QT_IM_MODULE', 'ibus'), ('PWD', '/home/cc/ee106a/fa26/class/ee106a-aej/ros_workspaces/lab3/build/straight_line_interface'), ('EE106_ENV_SETUP', 'ur_ros2'), ('CONTAINER_ID', 'ros2'), ('LC_ALL', 'C.UTF-8'), ('XDG_CONFIG_DIRS', '/etc/xdg/xdg-mate:/etc/xdg'), ('CLUTTER_IM_MODULE', 'ibus'), ('DBUS_STARTER_ADDRESS', 'unix:path=/run/user/90978/bus,guid=31562aa21c4b85012f3fec056aa82192'), ('XDG_DATA_DIRS', '/usr/share/mate:/usr/share/mate:/usr/share/gnome:/home/cc/ee106a/fa26/class/ee106a-aej/.local/share/flatpak/exports/share:/var/lib/flatpak/exports/share:/usr/local/share/:/usr/share/:/var/lib/snapd/desktop:/usr/local/share:/usr/share'), ('PYTHONPATH', '/home/ff/ee106a/robot_workspaces/ur/install/ur7e_utils/lib/python3.10/site-packages:/opt/ros/humble/lib/python3.10/site-packages:/opt/ros/humble/local/lib/python3.10/dist-packages'), ('MATE_DESKTOP_SESSION_ID', 'this-is-deprecated'), ('COLCON', '1'), ('MANPATH', '/usr/local/man:/usr/man:/usr/X11/man:/usr/local/man:/share/b/grading/man:/usr/local/man:/usr/man:/usr/X11/man:/usr/local/man:/share/b/grading/man:'), ('VTE_VERSION', '6800'), ('EDITOR', 'emacs'), ('QT_FONT_DPI', '122'), ('CMAKE_PREFIX_PATH', '/home/ff/ee106a/robot_workspaces/ur/install/ur7e_utils:/opt/ros/humble')]), 'shell': False}
[10.727300] (-) TimerEvent: {}
[10.765431] (straight_line_interface) StdoutLine: {'line': b'[  3%] \x1b[34m\x1b[1mGenerating C code for ROS interfaces\x1b[0m\n'}
[10.782284] (straight_line_interface) StdoutLine: {'line': b'[  9%] \x1b[34m\x1b[1mGenerating Rust code for ROS interfaces\x1b[0m\n'}
[10.783356] (straight_line_interface) StdoutLine: {'line': b'[  9%] \x1b[34m\x1b[1mGenerating C++ code for ROS interfaces\x1b[0m\n'}
[10.797656] (straight_line_interface) StdoutLine: {'line': b'[  9%] Built target ament_cmake_python_copy_straight_line_interface\n'}
[10.827382] (-) TimerEvent: {}
[10.927579] (-) TimerEvent: {}
[11.027869] (-) TimerEvent: {}
[11.063649] (straight_line_interface) StdoutLine: {'line': b'running egg_info\n'}
[11.065257] (straight_line_interface) StdoutLine: {'line': b'creating straight_line_interface.egg-info\n'}
[11.068299] (straight_line_interface) StdoutLine: {'line': b'writing straight_line_interface.egg-info/PKG-INFO\n'}
[11.071948] (straight_line_interface) StdoutLine: {'line': b'writing dependency_links to straight_line_interface.egg-info/dependency_links.txt\n'}
[11.075748] (straight_line_interface) StdoutLine: {'line': b'writing top-level names to straight_line_interface.egg-info/top_level.txt\n'}
[11.078228] (straight_line_interface) StdoutLine: {'line': b'[  9%] Built target straight_line_interface__rs\n'}
[11.079299] (straight_line_interface) StdoutLine: {'line': b"writing manifest file 'straight_line_interface.egg-info/SOURCES.txt'\n"}
[11.084537] (straight_line_interface) StdoutLine: {'line': b"reading manifest file 'straight_line_interface.egg-info/SOURCES.txt'\n"}
[11.085538] (straight_line_interface) StdoutLine: {'line': b"writing manifest file 'straight_line_interface.egg-info/SOURCES.txt'\n"}
[11.108696] (straight_line_interface) StdoutLine: {'line': b'[  9%] Built target ament_cmake_python_build_straight_line_interface_egg\n'}
[11.127949] (-) TimerEvent: {}
[11.154908] (straight_line_interface) StdoutLine: {'line': b'[  9%] Built target straight_line_interface__cpp\n'}
[11.176341] (straight_line_interface) StdoutLine: {'line': b'[ 12%] \x1b[34m\x1b[1mGenerating C++ type support for eProsima Fast-RTPS\x1b[0m\n'}
[11.184424] (straight_line_interface) StdoutLine: {'line': b'[ 18%] \x1b[34m\x1b[1mGenerating C++ introspection for ROS interfaces\x1b[0m\n'}
[11.185565] (straight_line_interface) StdoutLine: {'line': b'[ 18%] \x1b[34m\x1b[1mGenerating C++ type support dispatch for ROS interfaces\x1b[0m\n'}
[11.190127] (straight_line_interface) StdoutLine: {'line': b'[ 21%] \x1b[32mBuilding C object CMakeFiles/straight_line_interface__rosidl_generator_c.dir/rosidl_generator_c/straight_line_interface/action/detail/move_straight__functions.c.o\x1b[0m\n'}
[11.228041] (-) TimerEvent: {}
[11.328318] (-) TimerEvent: {}
[11.428616] (-) TimerEvent: {}
[11.471628] (straight_line_interface) StdoutLine: {'line': b'[ 25%] \x1b[32m\x1b[1mLinking C shared library libstraight_line_interface__rosidl_generator_c.so\x1b[0m\n'}
[11.528695] (-) TimerEvent: {}
[11.534658] (straight_line_interface) StdoutLine: {'line': b'[ 25%] Built target straight_line_interface__rosidl_generator_c\n'}
[11.557421] (straight_line_interface) StdoutLine: {'line': b'[ 37%] \x1b[34m\x1b[1mGenerating C type support dispatch for ROS interfaces\x1b[0m\n'}
[11.557530] (straight_line_interface) StdoutLine: {'line': b'[ 37%] \x1b[34m\x1b[1mGenerating C type support for eProsima Fast-RTPS\x1b[0m\n'}
[11.557570] (straight_line_interface) StdoutLine: {'line': b'[ 37%] \x1b[34m\x1b[1mGenerating C introspection for ROS interfaces\x1b[0m\n'}
[11.558564] (straight_line_interface) StdoutLine: {'line': b'[ 37%] \x1b[32mBuilding CXX object CMakeFiles/straight_line_interface__rosidl_typesupport_cpp.dir/rosidl_typesupport_cpp/straight_line_interface/action/move_straight__type_support.cpp.o\x1b[0m\n'}
[11.612473] (straight_line_interface) StdoutLine: {'line': b'[ 40%] \x1b[32mBuilding CXX object CMakeFiles/straight_line_interface__rosidl_typesupport_introspection_cpp.dir/rosidl_typesupport_introspection_cpp/straight_line_interface/action/detail/move_straight__type_support.cpp.o\x1b[0m\n'}
[11.628483] (straight_line_interface) StdoutLine: {'line': b'[ 43%] \x1b[32mBuilding CXX object CMakeFiles/straight_line_interface__rosidl_typesupport_fastrtps_cpp.dir/rosidl_typesupport_fastrtps_cpp/straight_line_interface/action/detail/dds_fastrtps/move_straight__type_support.cpp.o\x1b[0m\n'}
[11.628749] (-) TimerEvent: {}
[11.729794] (-) TimerEvent: {}
[11.819247] (straight_line_interface) StdoutLine: {'line': b'[ 46%] \x1b[32mBuilding CXX object CMakeFiles/straight_line_interface__rosidl_typesupport_c.dir/rosidl_typesupport_c/straight_line_interface/action/move_straight__type_support.cpp.o\x1b[0m\n'}
[11.829864] (-) TimerEvent: {}
[11.853507] (straight_line_interface) StdoutLine: {'line': b'[ 50%] \x1b[32mBuilding C object CMakeFiles/straight_line_interface__rosidl_typesupport_introspection_c.dir/rosidl_typesupport_introspection_c/straight_line_interface/action/detail/move_straight__type_support.c.o\x1b[0m\n'}
[11.877549] (straight_line_interface) StdoutLine: {'line': b'[ 53%] \x1b[32m\x1b[1mLinking CXX shared library libstraight_line_interface__rosidl_typesupport_c.so\x1b[0m\n'}
[11.921142] (straight_line_interface) StdoutLine: {'line': b'[ 59%] \x1b[32mBuilding CXX object CMakeFiles/straight_line_interface__rosidl_typesupport_fastrtps_c.dir/rosidl_typesupport_fastrtps_c/straight_line_interface/action/detail/move_straight__type_support_c.cpp.o\x1b[0m\n'}
[11.922201] (straight_line_interface) StdoutLine: {'line': b'[ 59%] \x1b[32m\x1b[1mLinking C shared library libstraight_line_interface__rosidl_typesupport_introspection_c.so\x1b[0m\n'}
[11.929932] (-) TimerEvent: {}
[11.942152] (straight_line_interface) StdoutLine: {'line': b'[ 59%] Built target straight_line_interface__rosidl_typesupport_c\n'}
[11.979638] (straight_line_interface) StdoutLine: {'line': b'[ 59%] Built target straight_line_interface__rosidl_typesupport_introspection_c\n'}
[11.997893] (straight_line_interface) StdoutLine: {'line': b'[ 62%] \x1b[32m\x1b[1mLinking CXX shared library libstraight_line_interface__rosidl_typesupport_cpp.so\x1b[0m\n'}
[12.030026] (-) TimerEvent: {}
[12.052894] (straight_line_interface) StdoutLine: {'line': b'[ 62%] Built target straight_line_interface__rosidl_typesupport_cpp\n'}
[12.081549] (straight_line_interface) StdoutLine: {'line': b'[ 65%] \x1b[32m\x1b[1mLinking CXX shared library libstraight_line_interface__rosidl_typesupport_introspection_cpp.so\x1b[0m\n'}
[12.124545] (straight_line_interface) StdoutLine: {'line': b'[ 68%] \x1b[32m\x1b[1mLinking CXX shared library libstraight_line_interface__rosidl_typesupport_fastrtps_cpp.so\x1b[0m\n'}
[12.130082] (-) TimerEvent: {}
[12.163182] (straight_line_interface) StdoutLine: {'line': b'[ 68%] Built target straight_line_interface__rosidl_typesupport_introspection_cpp\n'}
[12.215813] (straight_line_interface) StdoutLine: {'line': b'[ 68%] Built target straight_line_interface__rosidl_typesupport_fastrtps_cpp\n'}
[12.228347] (straight_line_interface) StdoutLine: {'line': b'[ 71%] \x1b[32m\x1b[1mLinking CXX shared library libstraight_line_interface__rosidl_typesupport_fastrtps_c.so\x1b[0m\n'}
[12.230140] (-) TimerEvent: {}
[12.330336] (-) TimerEvent: {}
[12.352084] (straight_line_interface) StdoutLine: {'line': b'[ 71%] Built target straight_line_interface__rosidl_typesupport_fastrtps_c\n'}
[12.422065] (straight_line_interface) StdoutLine: {'line': b'[ 71%] Built target straight_line_interface\n'}
[12.430404] (-) TimerEvent: {}
[12.490080] (straight_line_interface) StdoutLine: {'line': b'[ 75%] \x1b[34m\x1b[1mGenerating Python code for ROS interfaces\x1b[0m\n'}
[12.530529] (-) TimerEvent: {}
[12.630943] (-) TimerEvent: {}
[12.731119] (-) TimerEvent: {}
[12.831351] (-) TimerEvent: {}
[12.931610] (-) TimerEvent: {}
[13.031762] (-) TimerEvent: {}
[13.076202] (straight_line_interface) StdoutLine: {'line': b'[ 75%] Built target straight_line_interface__py\n'}
[13.131845] (-) TimerEvent: {}
[13.146674] (straight_line_interface) StdoutLine: {'line': b'[ 78%] \x1b[32mBuilding C object CMakeFiles/straight_line_interface__rosidl_generator_py.dir/rosidl_generator_py/straight_line_interface/action/_move_straight_s.c.o\x1b[0m\n'}
[13.231914] (-) TimerEvent: {}
[13.332092] (-) TimerEvent: {}
[13.377147] (straight_line_interface) StdoutLine: {'line': b'[ 81%] \x1b[32m\x1b[1mLinking C shared library rosidl_generator_py/straight_line_interface/libstraight_line_interface__rosidl_generator_py.so\x1b[0m\n'}
[13.432201] (-) TimerEvent: {}
[13.524443] (straight_line_interface) StdoutLine: {'line': b'[ 81%] Built target straight_line_interface__rosidl_generator_py\n'}
[13.532275] (-) TimerEvent: {}
[13.615046] (straight_line_interface) StdoutLine: {'line': b'[ 90%] \x1b[32mBuilding C object CMakeFiles/straight_line_interface__rosidl_typesupport_c__pyext.dir/rosidl_generator_py/straight_line_interface/_straight_line_interface_s.ep.rosidl_typesupport_c.c.o\x1b[0m\n'}
[13.615392] (straight_line_interface) StdoutLine: {'line': b'[ 90%] \x1b[32mBuilding C object CMakeFiles/straight_line_interface__rosidl_typesupport_fastrtps_c__pyext.dir/rosidl_generator_py/straight_line_interface/_straight_line_interface_s.ep.rosidl_typesupport_fastrtps_c.c.o\x1b[0m\n'}
[13.616398] (straight_line_interface) StdoutLine: {'line': b'[ 90%] \x1b[32mBuilding C object CMakeFiles/straight_line_interface__rosidl_typesupport_introspection_c__pyext.dir/rosidl_generator_py/straight_line_interface/_straight_line_interface_s.ep.rosidl_typesupport_introspection_c.c.o\x1b[0m\n'}
[13.632384] (-) TimerEvent: {}
[13.732702] (-) TimerEvent: {}
[13.745068] (straight_line_interface) StdoutLine: {'line': b'[100%] \x1b[32m\x1b[1mLinking C shared library rosidl_generator_py/straight_line_interface/straight_line_interface_s__rosidl_typesupport_c.cpython-310-x86_64-linux-gnu.so\x1b[0m\n'}
[13.745202] (straight_line_interface) StdoutLine: {'line': b'[100%] \x1b[32m\x1b[1mLinking C shared library rosidl_generator_py/straight_line_interface/straight_line_interface_s__rosidl_typesupport_fastrtps_c.cpython-310-x86_64-linux-gnu.so\x1b[0m\n'}
[13.746381] (straight_line_interface) StdoutLine: {'line': b'[100%] \x1b[32m\x1b[1mLinking C shared library rosidl_generator_py/straight_line_interface/straight_line_interface_s__rosidl_typesupport_introspection_c.cpython-310-x86_64-linux-gnu.so\x1b[0m\n'}
[13.832844] (-) TimerEvent: {}
[13.834935] (straight_line_interface) StdoutLine: {'line': b'[100%] Built target straight_line_interface__rosidl_typesupport_c__pyext\n'}
[13.835167] (straight_line_interface) StdoutLine: {'line': b'[100%] Built target straight_line_interface__rosidl_typesupport_introspection_c__pyext\n'}
[13.838924] (straight_line_interface) StdoutLine: {'line': b'[100%] Built target straight_line_interface__rosidl_typesupport_fastrtps_c__pyext\n'}
[13.912559] (straight_line_interface) CommandEnded: {'returncode': 0}
[13.914131] (straight_line_interface) JobProgress: {'identifier': 'straight_line_interface', 'progress': 'install'}
[13.932917] (-) TimerEvent: {}
[13.954132] (straight_line_interface) Command: {'cmd': ['/usr/bin/cmake', '--install', '/home/cc/ee106a/fa26/class/ee106a-aej/ros_workspaces/lab3/build/straight_line_interface'], 'cwd': '/home/cc/ee106a/fa26/class/ee106a-aej/ros_workspaces/lab3/build/straight_line_interface', 'env': OrderedDict([('ARCH', 'x86_64'), ('QT_SCALE_FACTOR', '1'), ('USER', 'ee106a-aej'), ('HOSTNAME', 'ros2'), ('XDG_SESSION_TYPE', 'x11'), ('MASTERDIR', '/home/ff/ee106a'), ('COMPIZ_CONFIG_PROFILE', 'mate'), ('XDG_CACHE_HOME', '/home/cc/ee106a/fa26/class/ee106a-aej/.cache'), ('SHLVL', '2'), ('LD_LIBRARY_PATH', '/usr/lib/x86_64-linux-gnu/gazebo-11/plugins:/opt/ros/humble/opt/rviz_ogre_vendor/lib:/opt/ros/humble/lib/x86_64-linux-gnu:/opt/ros/humble/lib'), ('HOME', '/home/cc/ee106a/fa26/class/ee106a-aej'), ('OLDPWD', '/home/cc/ee106a/fa26/class/ee106a-aej/ros_workspaces'), ('DESKTOP_SESSION', 'mate'), ('ROS_PYTHON_VERSION', '3'), ('GTK_MODULES', 'gail:atk-bridge:appmenu-gtk-module:gail:atk-bridge:canberra-gtk-module'), ('EE106_UR_ROBOT_IP', '192.168.1.101'), ('MANAGERPID', '107037'), ('DISTROBOX_ENTER_PATH', '/usr/local/bin/distrobox-enter'), ('DBUS_STARTER_BUS_TYPE', 'session'), ('SYSTEMD_EXEC_PID', '107037'), ('NNTPSERVER', 'news.csua.berkeley.edu'), ('VISUAL', 'emacs'), ('XDG_STATE_HOME', '/home/cc/ee106a/fa26/class/ee106a-aej/.local/state'), ('DBUS_SESSION_BUS_ADDRESS', 'unix:path=/run/user/90978/bus,guid=31562aa21c4b85012f3fec056aa82192'), ('COLORTERM', 'truecolor'), ('container', 'podman'), ('UBUNTU_MENUPROXY', '1'), ('QT_QPA_PLATFORMTHEME', 'gtk2'), ('IM_CONFIG_PHASE', '1'), ('COLCON_PREFIX_PATH', '/home/ff/ee106a/robot_workspaces/ur/install'), ('ROS_DISTRO', 'humble'), ('GTK_IM_MODULE', 'ibus'), ('LOGNAME', 'ee106a-aej'), ('MASTER', 'ee106a'), ('WINDOWID', '31457286'), ('JOURNAL_STREAM', '8:858859'), ('ROS_VERSION', '2'), ('XDG_SESSION_CLASS', 'user'), ('TERMINFO_DIRS', '/usr/share/terminfo:/run/host/usr/share/terminfo'), ('USERNAME', 'ee106a-aej'), ('TERM', 'xterm-256color'), ('GTK_OVERLAY_SCROLLING', '0'), ('ROS_LOCALHOST_ONLY', '0'), ('WINDOWPATH', '3'), ('PATH', '/opt/ros/humble/bin:/share/b/grading/bin:/home/ff/ee106a/bin:/home/ff/ee106a/bin/arch/x86_64:/share/b/grading/bin:/home/ff/ee106a/bin:/home/ff/ee106a/bin/arch/x86_64:/usr/local/sbin:/usr/local/bin:/usr/sbin:/usr/bin:/sbin:/bin:/usr/games:/usr/local/games:/snap/bin:/snap/bin:/share/b/grading/bin:/share/b/grading/sbin:/share/b/runas/x86_64:/share/b/bin:/home/ff/ee106a/venvs/all:/usr/local/sbin:/usr/local/bin:/usr/sbin:/usr/bin:/sbin:/bin:/share/b/grading/bin:/share/b/grading/sbin:/share/b/runas/x86_64:/share/b/bin:/home/ff/ee106a/venvs/all'), ('SESSION_MANAGER', 'local/c105-7:@/tmp/.ICE-unix/107122,unix/c105-7:/tmp/.ICE-unix/107122'), ('INVOCATION_ID', 'cb0846482c304853a89b0820de4d3b9d'), ('OS', 'Linux'), ('XDG_RUNTIME_DIR', '/run/user/90978'), ('DISPLAY', ':2'), ('LANG', 'en_US.UTF-8'), ('XDG_CURRENT_DESKTOP', 'MATE'), ('XDG_DATA_HOME', '/home/cc/ee106a/fa26/class/ee106a-aej/.local/share'), ('XDG_CONFIG_HOME', '/home/cc/ee106a/fa26/class/ee106a-aej/.config'), ('XMODIFIERS', '@im=ibus'), ('XDG_SESSION_DESKTOP', 'mate'), ('XAUTHORITY', '/run/user/90978/gdm/Xauthority'), ('SSH_AUTH_SOCK', '/run/user/90978/keyring/ssh'), ('ROS_DOMAIN_ID', '27'), ('AMENT_PREFIX_PATH', '/home/ff/ee106a/robot_workspaces/ur/install/ur7e_utils:/opt/ros/humble'), ('SHELL', '/usr/bin/bash'), ('QT_ACCESSIBILITY', '1'), ('EE106_UR_ROBOT_NAME', 'r2d2'), ('GDMSESSION', 'mate'), ('RUNAS', '/share/b/runas/x86_64'), ('GPG_AGENT_INFO', '/run/user/90978/gnupg/S.gpg-agent:0:1'), ('CONFIG_SHELL', '/usr/bin/ksh'), ('QT_IM_MODULE', 'ibus'), ('PWD', '/home/cc/ee106a/fa26/class/ee106a-aej/ros_workspaces/lab3/build/straight_line_interface'), ('EE106_ENV_SETUP', 'ur_ros2'), ('CONTAINER_ID', 'ros2'), ('LC_ALL', 'C.UTF-8'), ('XDG_CONFIG_DIRS', '/etc/xdg/xdg-mate:/etc/xdg'), ('CLUTTER_IM_MODULE', 'ibus'), ('DBUS_STARTER_ADDRESS', 'unix:path=/run/user/90978/bus,guid=31562aa21c4b85012f3fec056aa82192'), ('XDG_DATA_DIRS', '/usr/share/mate:/usr/share/mate:/usr/share/gnome:/home/cc/ee106a/fa26/class/ee106a-aej/.local/share/flatpak/exports/share:/var/lib/flatpak/exports/share:/usr/local/share/:/usr/share/:/var/lib/snapd/desktop:/usr/local/share:/usr/share'), ('PYTHONPATH', '/home/ff/ee106a/robot_workspaces/ur/install/ur7e_utils/lib/python3.10/site-packages:/opt/ros/humble/lib/python3.10/site-packages:/opt/ros/humble/local/lib/python3.10/dist-packages'), ('MATE_DESKTOP_SESSION_ID', 'this-is-deprecated'), ('COLCON', '1'), ('MANPATH', '/usr/local/man:/usr/man:/usr/X11/man:/usr/local/man:/share/b/grading/man:/usr/local/man:/usr/man:/usr/X11/man:/usr/local/man:/share/b/grading/man:'), ('VTE_VERSION', '6800'), ('EDITOR', 'emacs'), ('QT_FONT_DPI', '122'), ('CMAKE_PREFIX_PATH', '/home/ff/ee106a/robot_workspaces/ur/install/ur7e_utils:/opt/ros/humble')]), 'shell': False}
[13.976710] (straight_line_interface) StdoutLine: {'line': b'-- Install configuration: ""\n'}
[13.987489] (straight_line_interface) StdoutLine: {'line': b'-- Installing: /home/cc/ee106a/fa26/class/ee106a-aej/ros_workspaces/lab3/install/straight_line_interface/share/ament_index/resource_index/rosidl_interfaces/straight_line_interface\n'}
[14.033099] (-) TimerEvent: {}
[14.041702] (straight_line_interface) StdoutLine: {'line': b'-- Installing: /home/cc/ee106a/fa26/class/ee106a-aej/ros_workspaces/lab3/install/straight_line_interface/include/straight_line_interface/straight_line_interface\n'}
[14.049969] (straight_line_interface) StdoutLine: {'line': b'-- Installing: /home/cc/ee106a/fa26/class/ee106a-aej/ros_workspaces/lab3/install/straight_line_interface/include/straight_line_interface/straight_line_interface/msg\n'}
[14.056054] (straight_line_interface) StdoutLine: {'line': b'-- Installing: /home/cc/ee106a/fa26/class/ee106a-aej/ros_workspaces/lab3/install/straight_line_interface/include/straight_line_interface/straight_line_interface/msg/rosidl_generator_c__visibility_control.h\n'}
[14.063010] (straight_line_interface) StdoutLine: {'line': b'-- Installing: /home/cc/ee106a/fa26/class/ee106a-aej/ros_workspaces/lab3/install/straight_line_interface/include/straight_line_interface/straight_line_interface/action\n'}
[14.069502] (straight_line_interface) StdoutLine: {'line': b'-- Installing: /home/cc/ee106a/fa26/class/ee106a-aej/ros_workspaces/lab3/install/straight_line_interface/include/straight_line_interface/straight_line_interface/action/detail\n'}
[14.076413] (straight_line_interface) StdoutLine: {'line': b'-- Installing: /home/cc/ee106a/fa26/class/ee106a-aej/ros_workspaces/lab3/install/straight_line_interface/include/straight_line_interface/straight_line_interface/action/detail/move_straight__struct.h\n'}
[14.084626] (straight_line_interface) StdoutLine: {'line': b'-- Installing: /home/cc/ee106a/fa26/class/ee106a-aej/ros_workspaces/lab3/install/straight_line_interface/include/straight_line_interface/straight_line_interface/action/detail/move_straight__functions.h\n'}
[14.091710] (straight_line_interface) StdoutLine: {'line': b'-- Installing: /home/cc/ee106a/fa26/class/ee106a-aej/ros_workspaces/lab3/install/straight_line_interface/include/straight_line_interface/straight_line_interface/action/detail/move_straight__type_support.h\n'}
[14.099060] (straight_line_interface) StdoutLine: {'line': b'-- Installing: /home/cc/ee106a/fa26/class/ee106a-aej/ros_workspaces/lab3/install/straight_line_interface/include/straight_line_interface/straight_line_interface/action/detail/move_straight__functions.c\n'}
[14.106786] (straight_line_interface) StdoutLine: {'line': b'-- Installing: /home/cc/ee106a/fa26/class/ee106a-aej/ros_workspaces/lab3/install/straight_line_interface/include/straight_line_interface/straight_line_interface/action/move_straight.h\n'}
[14.120080] (straight_line_interface) StdoutLine: {'line': b'-- Installing: /home/cc/ee106a/fa26/class/ee106a-aej/ros_workspaces/lab3/install/straight_line_interface/share/straight_line_interface/environment/library_path.sh\n'}
[14.131899] (straight_line_interface) StdoutLine: {'line': b'-- Installing: /home/cc/ee106a/fa26/class/ee106a-aej/ros_workspaces/lab3/install/straight_line_interface/share/straight_line_interface/environment/library_path.dsv\n'}
[14.133178] (-) TimerEvent: {}
[14.143142] (straight_line_interface) StdoutLine: {'line': b'-- Installing: /home/cc/ee106a/fa26/class/ee106a-aej/ros_workspaces/lab3/install/straight_line_interface/lib/libstraight_line_interface__rosidl_generator_c.so\n'}
[14.154020] (straight_line_interface) StdoutLine: {'line': b'-- Set runtime path of "/home/cc/ee106a/fa26/class/ee106a-aej/ros_workspaces/lab3/install/straight_line_interface/lib/libstraight_line_interface__rosidl_generator_c.so" to ""\n'}
[14.155066] (straight_line_interface) StdoutLine: {'line': b'-- Up-to-date: /home/cc/ee106a/fa26/class/ee106a-aej/ros_workspaces/lab3/install/straight_line_interface/include/straight_line_interface/straight_line_interface\n'}
[14.157038] (straight_line_interface) StdoutLine: {'line': b'-- Up-to-date: /home/cc/ee106a/fa26/class/ee106a-aej/ros_workspaces/lab3/install/straight_line_interface/include/straight_line_interface/straight_line_interface/action\n'}
[14.159138] (straight_line_interface) StdoutLine: {'line': b'-- Up-to-date: /home/cc/ee106a/fa26/class/ee106a-aej/ros_workspaces/lab3/install/straight_line_interface/include/straight_line_interface/straight_line_interface/action/detail\n'}
[14.161020] (straight_line_interface) StdoutLine: {'line': b'-- Installing: /home/cc/ee106a/fa26/class/ee106a-aej/ros_workspaces/lab3/install/straight_line_interface/include/straight_line_interface/straight_line_interface/action/detail/move_straight__rosidl_typesupport_fastrtps_c.h\n'}
[14.167582] (straight_line_interface) StdoutLine: {'line': b'-- Up-to-date: /home/cc/ee106a/fa26/class/ee106a-aej/ros_workspaces/lab3/install/straight_line_interface/include/straight_line_interface/straight_line_interface/msg\n'}
[14.169960] (straight_line_interface) StdoutLine: {'line': b'-- Installing: /home/cc/ee106a/fa26/class/ee106a-aej/ros_workspaces/lab3/install/straight_line_interface/include/straight_line_interface/straight_line_interface/msg/rosidl_typesupport_fastrtps_c__visibility_control.h\n'}
[14.178345] (straight_line_interface) StdoutLine: {'line': b'-- Installing: /home/cc/ee106a/fa26/class/ee106a-aej/ros_workspaces/lab3/install/straight_line_interface/lib/libstraight_line_interface__rosidl_typesupport_fastrtps_c.so\n'}
[14.190028] (straight_line_interface) StdoutLine: {'line': b'-- Set runtime path of "/home/cc/ee106a/fa26/class/ee106a-aej/ros_workspaces/lab3/install/straight_line_interface/lib/libstraight_line_interface__rosidl_typesupport_fastrtps_c.so" to ""\n'}
[14.191285] (straight_line_interface) StdoutLine: {'line': b'-- Up-to-date: /home/cc/ee106a/fa26/class/ee106a-aej/ros_workspaces/lab3/install/straight_line_interface/include/straight_line_interface/straight_line_interface\n'}
[14.193153] (straight_line_interface) StdoutLine: {'line': b'-- Up-to-date: /home/cc/ee106a/fa26/class/ee106a-aej/ros_workspaces/lab3/install/straight_line_interface/include/straight_line_interface/straight_line_interface/msg\n'}
[14.194689] (straight_line_interface) StdoutLine: {'line': b'-- Installing: /home/cc/ee106a/fa26/class/ee106a-aej/ros_workspaces/lab3/install/straight_line_interface/include/straight_line_interface/straight_line_interface/msg/rosidl_generator_cpp__visibility_control.hpp\n'}
[14.201212] (straight_line_interface) StdoutLine: {'line': b'-- Up-to-date: /home/cc/ee106a/fa26/class/ee106a-aej/ros_workspaces/lab3/install/straight_line_interface/include/straight_line_interface/straight_line_interface/action\n'}
[14.203394] (straight_line_interface) StdoutLine: {'line': b'-- Up-to-date: /home/cc/ee106a/fa26/class/ee106a-aej/ros_workspaces/lab3/install/straight_line_interface/include/straight_line_interface/straight_line_interface/action/detail\n'}
[14.205270] (straight_line_interface) StdoutLine: {'line': b'-- Installing: /home/cc/ee106a/fa26/class/ee106a-aej/ros_workspaces/lab3/install/straight_line_interface/include/straight_line_interface/straight_line_interface/action/detail/move_straight__builder.hpp\n'}
[14.213412] (straight_line_interface) StdoutLine: {'line': b'-- Installing: /home/cc/ee106a/fa26/class/ee106a-aej/ros_workspaces/lab3/install/straight_line_interface/include/straight_line_interface/straight_line_interface/action/detail/move_straight__struct.hpp\n'}
[14.220934] (straight_line_interface) StdoutLine: {'line': b'-- Installing: /home/cc/ee106a/fa26/class/ee106a-aej/ros_workspaces/lab3/install/straight_line_interface/include/straight_line_interface/straight_line_interface/action/detail/move_straight__traits.hpp\n'}
[14.227371] (straight_line_interface) StdoutLine: {'line': b'-- Installing: /home/cc/ee106a/fa26/class/ee106a-aej/ros_workspaces/lab3/install/straight_line_interface/include/straight_line_interface/straight_line_interface/action/detail/move_straight__type_support.hpp\n'}
[14.233271] (-) TimerEvent: {}
[14.233815] (straight_line_interface) StdoutLine: {'line': b'-- Installing: /home/cc/ee106a/fa26/class/ee106a-aej/ros_workspaces/lab3/install/straight_line_interface/include/straight_line_interface/straight_line_interface/action/move_straight.hpp\n'}
[14.240244] (straight_line_interface) StdoutLine: {'line': b'-- Up-to-date: /home/cc/ee106a/fa26/class/ee106a-aej/ros_workspaces/lab3/install/straight_line_interface/include/straight_line_interface/straight_line_interface\n'}
[14.241790] (straight_line_interface) StdoutLine: {'line': b'-- Up-to-date: /home/cc/ee106a/fa26/class/ee106a-aej/ros_workspaces/lab3/install/straight_line_interface/include/straight_line_interface/straight_line_interface/action\n'}
[14.243437] (straight_line_interface) StdoutLine: {'line': b'-- Up-to-date: /home/cc/ee106a/fa26/class/ee106a-aej/ros_workspaces/lab3/install/straight_line_interface/include/straight_line_interface/straight_line_interface/action/detail\n'}
[14.245057] (straight_line_interface) StdoutLine: {'line': b'-- Installing: /home/cc/ee106a/fa26/class/ee106a-aej/ros_workspaces/lab3/install/straight_line_interface/include/straight_line_interface/straight_line_interface/action/detail/move_straight__rosidl_typesupport_fastrtps_cpp.hpp\n'}
[14.251985] (straight_line_interface) StdoutLine: {'line': b'-- Installing: /home/cc/ee106a/fa26/class/ee106a-aej/ros_workspaces/lab3/install/straight_line_interface/include/straight_line_interface/straight_line_interface/action/detail/dds_fastrtps\n'}
[14.258381] (straight_line_interface) StdoutLine: {'line': b'-- Up-to-date: /home/cc/ee106a/fa26/class/ee106a-aej/ros_workspaces/lab3/install/straight_line_interface/include/straight_line_interface/straight_line_interface/msg\n'}
[14.260274] (straight_line_interface) StdoutLine: {'line': b'-- Installing: /home/cc/ee106a/fa26/class/ee106a-aej/ros_workspaces/lab3/install/straight_line_interface/include/straight_line_interface/straight_line_interface/msg/rosidl_typesupport_fastrtps_cpp__visibility_control.h\n'}
[14.267093] (straight_line_interface) StdoutLine: {'line': b'-- Installing: /home/cc/ee106a/fa26/class/ee106a-aej/ros_workspaces/lab3/install/straight_line_interface/lib/libstraight_line_interface__rosidl_typesupport_fastrtps_cpp.so\n'}
[14.277138] (straight_line_interface) StdoutLine: {'line': b'-- Set runtime path of "/home/cc/ee106a/fa26/class/ee106a-aej/ros_workspaces/lab3/install/straight_line_interface/lib/libstraight_line_interface__rosidl_typesupport_fastrtps_cpp.so" to ""\n'}
[14.277928] (straight_line_interface) StdoutLine: {'line': b'-- Up-to-date: /home/cc/ee106a/fa26/class/ee106a-aej/ros_workspaces/lab3/install/straight_line_interface/include/straight_line_interface/straight_line_interface\n'}
[14.279713] (straight_line_interface) StdoutLine: {'line': b'-- Up-to-date: /home/cc/ee106a/fa26/class/ee106a-aej/ros_workspaces/lab3/install/straight_line_interface/include/straight_line_interface/straight_line_interface/action\n'}
[14.281920] (straight_line_interface) StdoutLine: {'line': b'-- Up-to-date: /home/cc/ee106a/fa26/class/ee106a-aej/ros_workspaces/lab3/install/straight_line_interface/include/straight_line_interface/straight_line_interface/action/detail\n'}
[14.283769] (straight_line_interface) StdoutLine: {'line': b'-- Installing: /home/cc/ee106a/fa26/class/ee106a-aej/ros_workspaces/lab3/install/straight_line_interface/include/straight_line_interface/straight_line_interface/action/detail/move_straight__type_support.c\n'}
[14.291168] (straight_line_interface) StdoutLine: {'line': b'-- Installing: /home/cc/ee106a/fa26/class/ee106a-aej/ros_workspaces/lab3/install/straight_line_interface/include/straight_line_interface/straight_line_interface/action/detail/move_straight__rosidl_typesupport_introspection_c.h\n'}
[14.297833] (straight_line_interface) StdoutLine: {'line': b'-- Up-to-date: /home/cc/ee106a/fa26/class/ee106a-aej/ros_workspaces/lab3/install/straight_line_interface/include/straight_line_interface/straight_line_interface/msg\n'}
[14.299615] (straight_line_interface) StdoutLine: {'line': b'-- Installing: /home/cc/ee106a/fa26/class/ee106a-aej/ros_workspaces/lab3/install/straight_line_interface/include/straight_line_interface/straight_line_interface/msg/rosidl_typesupport_introspection_c__visibility_control.h\n'}
[14.306918] (straight_line_interface) StdoutLine: {'line': b'-- Installing: /home/cc/ee106a/fa26/class/ee106a-aej/ros_workspaces/lab3/install/straight_line_interface/lib/libstraight_line_interface__rosidl_typesupport_introspection_c.so\n'}
[14.316125] (straight_line_interface) StdoutLine: {'line': b'-- Set runtime path of "/home/cc/ee106a/fa26/class/ee106a-aej/ros_workspaces/lab3/install/straight_line_interface/lib/libstraight_line_interface__rosidl_typesupport_introspection_c.so" to ""\n'}
[14.317477] (straight_line_interface) StdoutLine: {'line': b'-- Installing: /home/cc/ee106a/fa26/class/ee106a-aej/ros_workspaces/lab3/install/straight_line_interface/lib/libstraight_line_interface__rosidl_typesupport_c.so\n'}
[14.326490] (straight_line_interface) StdoutLine: {'line': b'-- Set runtime path of "/home/cc/ee106a/fa26/class/ee106a-aej/ros_workspaces/lab3/install/straight_line_interface/lib/libstraight_line_interface__rosidl_typesupport_c.so" to ""\n'}
[14.327396] (straight_line_interface) StdoutLine: {'line': b'-- Up-to-date: /home/cc/ee106a/fa26/class/ee106a-aej/ros_workspaces/lab3/install/straight_line_interface/include/straight_line_interface/straight_line_interface\n'}
[14.329064] (straight_line_interface) StdoutLine: {'line': b'-- Up-to-date: /home/cc/ee106a/fa26/class/ee106a-aej/ros_workspaces/lab3/install/straight_line_interface/include/straight_line_interface/straight_line_interface/action\n'}
[14.330925] (straight_line_interface) StdoutLine: {'line': b'-- Up-to-date: /home/cc/ee106a/fa26/class/ee106a-aej/ros_workspaces/lab3/install/straight_line_interface/include/straight_line_interface/straight_line_interface/action/detail\n'}
[14.332469] (straight_line_interface) StdoutLine: {'line': b'-- Installing: /home/cc/ee106a/fa26/class/ee106a-aej/ros_workspaces/lab3/install/straight_line_interface/include/straight_line_interface/straight_line_interface/action/detail/move_straight__rosidl_typesupport_introspection_cpp.hpp\n'}
[14.333510] (-) TimerEvent: {}
[14.338804] (straight_line_interface) StdoutLine: {'line': b'-- Installing: /home/cc/ee106a/fa26/class/ee106a-aej/ros_workspaces/lab3/install/straight_line_interface/include/straight_line_interface/straight_line_interface/action/detail/move_straight__type_support.cpp\n'}
[14.346211] (straight_line_interface) StdoutLine: {'line': b'-- Installing: /home/cc/ee106a/fa26/class/ee106a-aej/ros_workspaces/lab3/install/straight_line_interface/lib/libstraight_line_interface__rosidl_typesupport_introspection_cpp.so\n'}
[14.356612] (straight_line_interface) StdoutLine: {'line': b'-- Set runtime path of "/home/cc/ee106a/fa26/class/ee106a-aej/ros_workspaces/lab3/install/straight_line_interface/lib/libstraight_line_interface__rosidl_typesupport_introspection_cpp.so" to ""\n'}
[14.358600] (straight_line_interface) StdoutLine: {'line': b'-- Installing: /home/cc/ee106a/fa26/class/ee106a-aej/ros_workspaces/lab3/install/straight_line_interface/lib/libstraight_line_interface__rosidl_typesupport_cpp.so\n'}
[14.367807] (straight_line_interface) StdoutLine: {'line': b'-- Set runtime path of "/home/cc/ee106a/fa26/class/ee106a-aej/ros_workspaces/lab3/install/straight_line_interface/lib/libstraight_line_interface__rosidl_typesupport_cpp.so" to ""\n'}
[14.369279] (straight_line_interface) StdoutLine: {'line': b'-- Installing: /home/cc/ee106a/fa26/class/ee106a-aej/ros_workspaces/lab3/install/straight_line_interface/share/straight_line_interface/environment/pythonpath.sh\n'}
[14.376685] (straight_line_interface) StdoutLine: {'line': b'-- Installing: /home/cc/ee106a/fa26/class/ee106a-aej/ros_workspaces/lab3/install/straight_line_interface/share/straight_line_interface/environment/pythonpath.dsv\n'}
[14.383945] (straight_line_interface) StdoutLine: {'line': b'-- Installing: /home/cc/ee106a/fa26/class/ee106a-aej/ros_workspaces/lab3/install/straight_line_interface/local/lib/python3.10/dist-packages/straight_line_interface-0.0.0-py3.10.egg-info\n'}
[14.394615] (straight_line_interface) StdoutLine: {'line': b'-- Installing: /home/cc/ee106a/fa26/class/ee106a-aej/ros_workspaces/lab3/install/straight_line_interface/local/lib/python3.10/dist-packages/straight_line_interface-0.0.0-py3.10.egg-info/SOURCES.txt\n'}
[14.401593] (straight_line_interface) StdoutLine: {'line': b'-- Installing: /home/cc/ee106a/fa26/class/ee106a-aej/ros_workspaces/lab3/install/straight_line_interface/local/lib/python3.10/dist-packages/straight_line_interface-0.0.0-py3.10.egg-info/dependency_links.txt\n'}
[14.411231] (straight_line_interface) StdoutLine: {'line': b'-- Installing: /home/cc/ee106a/fa26/class/ee106a-aej/ros_workspaces/lab3/install/straight_line_interface/local/lib/python3.10/dist-packages/straight_line_interface-0.0.0-py3.10.egg-info/PKG-INFO\n'}
[14.419085] (straight_line_interface) StdoutLine: {'line': b'-- Installing: /home/cc/ee106a/fa26/class/ee106a-aej/ros_workspaces/lab3/install/straight_line_interface/local/lib/python3.10/dist-packages/straight_line_interface-0.0.0-py3.10.egg-info/top_level.txt\n'}
[14.426835] (straight_line_interface) StdoutLine: {'line': b'-- Installing: /home/cc/ee106a/fa26/class/ee106a-aej/ros_workspaces/lab3/install/straight_line_interface/local/lib/python3.10/dist-packages/straight_line_interface\n'}
[14.433162] (straight_line_interface) StdoutLine: {'line': b'-- Installing: /home/cc/ee106a/fa26/class/ee106a-aej/ros_workspaces/lab3/install/straight_line_interface/local/lib/python3.10/dist-packages/straight_line_interface/action\n'}
[14.433577] (-) TimerEvent: {}
[14.439485] (straight_line_interface) StdoutLine: {'line': b'-- Installing: /home/cc/ee106a/fa26/class/ee106a-aej/ros_workspaces/lab3/install/straight_line_interface/local/lib/python3.10/dist-packages/straight_line_interface/action/__init__.py\n'}
[14.446920] (straight_line_interface) StdoutLine: {'line': b'-- Installing: /home/cc/ee106a/fa26/class/ee106a-aej/ros_workspaces/lab3/install/straight_line_interface/local/lib/python3.10/dist-packages/straight_line_interface/action/_move_straight.py\n'}
[14.453801] (straight_line_interface) StdoutLine: {'line': b'-- Installing: /home/cc/ee106a/fa26/class/ee106a-aej/ros_workspaces/lab3/install/straight_line_interface/local/lib/python3.10/dist-packages/straight_line_interface/action/_move_straight_s.c\n'}
[14.460538] (straight_line_interface) StdoutLine: {'line': b'-- Installing: /home/cc/ee106a/fa26/class/ee106a-aej/ros_workspaces/lab3/install/straight_line_interface/local/lib/python3.10/dist-packages/straight_line_interface/_straight_line_interface_s.ep.rosidl_typesupport_fastrtps_c.c\n'}
[14.468328] (straight_line_interface) StdoutLine: {'line': b'-- Installing: /home/cc/ee106a/fa26/class/ee106a-aej/ros_workspaces/lab3/install/straight_line_interface/local/lib/python3.10/dist-packages/straight_line_interface/straight_line_interface_s__rosidl_typesupport_introspection_c.cpython-310-x86_64-linux-gnu.so\n'}
[14.475923] (straight_line_interface) StdoutLine: {'line': b'-- Installing: /home/cc/ee106a/fa26/class/ee106a-aej/ros_workspaces/lab3/install/straight_line_interface/local/lib/python3.10/dist-packages/straight_line_interface/straight_line_interface_s__rosidl_typesupport_c.cpython-310-x86_64-linux-gnu.so\n'}
[14.483623] (straight_line_interface) StdoutLine: {'line': b'-- Installing: /home/cc/ee106a/fa26/class/ee106a-aej/ros_workspaces/lab3/install/straight_line_interface/local/lib/python3.10/dist-packages/straight_line_interface/libstraight_line_interface__rosidl_generator_py.so\n'}
[14.490858] (straight_line_interface) StdoutLine: {'line': b'-- Installing: /home/cc/ee106a/fa26/class/ee106a-aej/ros_workspaces/lab3/install/straight_line_interface/local/lib/python3.10/dist-packages/straight_line_interface/_straight_line_interface_s.ep.rosidl_typesupport_introspection_c.c\n'}
[14.498236] (straight_line_interface) StdoutLine: {'line': b'-- Installing: /home/cc/ee106a/fa26/class/ee106a-aej/ros_workspaces/lab3/install/straight_line_interface/local/lib/python3.10/dist-packages/straight_line_interface/straight_line_interface_s__rosidl_typesupport_fastrtps_c.cpython-310-x86_64-linux-gnu.so\n'}
[14.505429] (straight_line_interface) StdoutLine: {'line': b'-- Installing: /home/cc/ee106a/fa26/class/ee106a-aej/ros_workspaces/lab3/install/straight_line_interface/local/lib/python3.10/dist-packages/straight_line_interface/__init__.py\n'}
[14.511436] (straight_line_interface) StdoutLine: {'line': b'-- Installing: /home/cc/ee106a/fa26/class/ee106a-aej/ros_workspaces/lab3/install/straight_line_interface/local/lib/python3.10/dist-packages/straight_line_interface/_straight_line_interface_s.ep.rosidl_typesupport_c.c\n'}
[14.533830] (-) TimerEvent: {}
[14.634385] (-) TimerEvent: {}
[14.678045] (straight_line_interface) StdoutLine: {'line': b"Listing '/home/cc/ee106a/fa26/class/ee106a-aej/ros_workspaces/lab3/install/straight_line_interface/local/lib/python3.10/dist-packages/straight_line_interface'...\n"}
[14.678367] (straight_line_interface) StdoutLine: {'line': b"Compiling '/home/cc/ee106a/fa26/class/ee106a-aej/ros_workspaces/lab3/install/straight_line_interface/local/lib/python3.10/dist-packages/straight_line_interface/__init__.py'...\n"}
[14.679569] (straight_line_interface) StdoutLine: {'line': b"Listing '/home/cc/ee106a/fa26/class/ee106a-aej/ros_workspaces/lab3/install/straight_line_interface/local/lib/python3.10/dist-packages/straight_line_interface/action'...\n"}
[14.680979] (straight_line_interface) StdoutLine: {'line': b"Compiling '/home/cc/ee106a/fa26/class/ee106a-aej/ros_workspaces/lab3/install/straight_line_interface/local/lib/python3.10/dist-packages/straight_line_interface/action/__init__.py'...\n"}
[14.682261] (straight_line_interface) StdoutLine: {'line': b"Compiling '/home/cc/ee106a/fa26/class/ee106a-aej/ros_workspaces/lab3/install/straight_line_interface/local/lib/python3.10/dist-packages/straight_line_interface/action/_move_straight.py'...\n"}
[14.686701] (straight_line_interface) StdoutLine: {'line': b'-- Installing: /home/cc/ee106a/fa26/class/ee106a-aej/ros_workspaces/lab3/install/straight_line_interface/local/lib/python3.10/dist-packages/straight_line_interface/straight_line_interface_s__rosidl_typesupport_fastrtps_c.cpython-310-x86_64-linux-gnu.so\n'}
[14.698583] (straight_line_interface) StdoutLine: {'line': b'-- Set runtime path of "/home/cc/ee106a/fa26/class/ee106a-aej/ros_workspaces/lab3/install/straight_line_interface/local/lib/python3.10/dist-packages/straight_line_interface/straight_line_interface_s__rosidl_typesupport_fastrtps_c.cpython-310-x86_64-linux-gnu.so" to ""\n'}
[14.705345] (straight_line_interface) StdoutLine: {'line': b'-- Installing: /home/cc/ee106a/fa26/class/ee106a-aej/ros_workspaces/lab3/install/straight_line_interface/local/lib/python3.10/dist-packages/straight_line_interface/straight_line_interface_s__rosidl_typesupport_introspection_c.cpython-310-x86_64-linux-gnu.so\n'}
[14.716761] (straight_line_interface) StdoutLine: {'line': b'-- Set runtime path of "/home/cc/ee106a/fa26/class/ee106a-aej/ros_workspaces/lab3/install/straight_line_interface/local/lib/python3.10/dist-packages/straight_line_interface/straight_line_interface_s__rosidl_typesupport_introspection_c.cpython-310-x86_64-linux-gnu.so" to ""\n'}
[14.723444] (straight_line_interface) StdoutLine: {'line': b'-- Installing: /home/cc/ee106a/fa26/class/ee106a-aej/ros_workspaces/lab3/install/straight_line_interface/local/lib/python3.10/dist-packages/straight_line_interface/straight_line_interface_s__rosidl_typesupport_c.cpython-310-x86_64-linux-gnu.so\n'}
[14.734081] (straight_line_interface) StdoutLine: {'line': b'-- Set runtime path of "/home/cc/ee106a/fa26/class/ee106a-aej/ros_workspaces/lab3/install/straight_line_interface/local/lib/python3.10/dist-packages/straight_line_interface/straight_line_interface_s__rosidl_typesupport_c.cpython-310-x86_64-linux-gnu.so" to ""\n'}
[14.734453] (-) TimerEvent: {}
[14.737186] (straight_line_interface) StdoutLine: {'line': b'-- Installing: /home/cc/ee106a/fa26/class/ee106a-aej/ros_workspaces/lab3/install/straight_line_interface/lib/libstraight_line_interface__rosidl_generator_py.so\n'}
[14.748198] (straight_line_interface) StdoutLine: {'line': b'-- Set runtime path of "/home/cc/ee106a/fa26/class/ee106a-aej/ros_workspaces/lab3/install/straight_line_interface/lib/libstraight_line_interface__rosidl_generator_py.so" to ""\n'}
[14.756565] (straight_line_interface) StdoutLine: {'line': b'-- Installing: /home/cc/ee106a/fa26/class/ee106a-aej/ros_workspaces/lab3/install/straight_line_interface/share/ament_index/resource_index/rust_packages/straight_line_interface\n'}
[14.763401] (straight_line_interface) StdoutLine: {'line': b'-- Installing: /home/cc/ee106a/fa26/class/ee106a-aej/ros_workspaces/lab3/install/straight_line_interface/share/straight_line_interface/rust\n'}
[14.769862] (straight_line_interface) StdoutLine: {'line': b'-- Installing: /home/cc/ee106a/fa26/class/ee106a-aej/ros_workspaces/lab3/install/straight_line_interface/share/straight_line_interface/rust/Cargo.toml\n'}
[14.776894] (straight_line_interface) StdoutLine: {'line': b'-- Installing: /home/cc/ee106a/fa26/class/ee106a-aej/ros_workspaces/lab3/install/straight_line_interface/share/straight_line_interface/rust/src\n'}
[14.783290] (straight_line_interface) StdoutLine: {'line': b'-- Installing: /home/cc/ee106a/fa26/class/ee106a-aej/ros_workspaces/lab3/install/straight_line_interface/share/straight_line_interface/rust/src/action\n'}
[14.789707] (straight_line_interface) StdoutLine: {'line': b'-- Installing: /home/cc/ee106a/fa26/class/ee106a-aej/ros_workspaces/lab3/install/straight_line_interface/share/straight_line_interface/rust/src/action/rmw.rs\n'}
[14.796913] (straight_line_interface) StdoutLine: {'line': b'-- Installing: /home/cc/ee106a/fa26/class/ee106a-aej/ros_workspaces/lab3/install/straight_line_interface/share/straight_line_interface/rust/src/lib.rs\n'}
[14.803964] (straight_line_interface) StdoutLine: {'line': b'-- Installing: /home/cc/ee106a/fa26/class/ee106a-aej/ros_workspaces/lab3/install/straight_line_interface/share/straight_line_interface/rust/src/action.rs\n'}
[14.811177] (straight_line_interface) StdoutLine: {'line': b'-- Installing: /home/cc/ee106a/fa26/class/ee106a-aej/ros_workspaces/lab3/install/straight_line_interface/share/straight_line_interface/rust/build.rs\n'}
[14.822143] (straight_line_interface) StdoutLine: {'line': b'-- Installing: /home/cc/ee106a/fa26/class/ee106a-aej/ros_workspaces/lab3/install/straight_line_interface/share/straight_line_interface/action/MoveStraight.idl\n'}
[14.829325] (straight_line_interface) StdoutLine: {'line': b'-- Installing: /home/cc/ee106a/fa26/class/ee106a-aej/ros_workspaces/lab3/install/straight_line_interface/share/straight_line_interface/action/MoveStraight.action\n'}
[14.834528] (-) TimerEvent: {}
[14.841909] (straight_line_interface) StdoutLine: {'line': b'-- Installing: /home/cc/ee106a/fa26/class/ee106a-aej/ros_workspaces/lab3/install/straight_line_interface/share/ament_index/resource_index/package_run_dependencies/straight_line_interface\n'}
[14.854147] (straight_line_interface) StdoutLine: {'line': b'-- Installing: /home/cc/ee106a/fa26/class/ee106a-aej/ros_workspaces/lab3/install/straight_line_interface/share/ament_index/resource_index/parent_prefix_path/straight_line_interface\n'}
[14.862119] (straight_line_interface) StdoutLine: {'line': b'-- Installing: /home/cc/ee106a/fa26/class/ee106a-aej/ros_workspaces/lab3/install/straight_line_interface/share/straight_line_interface/environment/ament_prefix_path.sh\n'}
[14.872679] (straight_line_interface) StdoutLine: {'line': b'-- Installing: /home/cc/ee106a/fa26/class/ee106a-aej/ros_workspaces/lab3/install/straight_line_interface/share/straight_line_interface/environment/ament_prefix_path.dsv\n'}
[14.879897] (straight_line_interface) StdoutLine: {'line': b'-- Installing: /home/cc/ee106a/fa26/class/ee106a-aej/ros_workspaces/lab3/install/straight_line_interface/share/straight_line_interface/environment/path.sh\n'}
[14.890499] (straight_line_interface) StdoutLine: {'line': b'-- Installing: /home/cc/ee106a/fa26/class/ee106a-aej/ros_workspaces/lab3/install/straight_line_interface/share/straight_line_interface/environment/path.dsv\n'}
[14.897900] (straight_line_interface) StdoutLine: {'line': b'-- Installing: /home/cc/ee106a/fa26/class/ee106a-aej/ros_workspaces/lab3/install/straight_line_interface/share/straight_line_interface/local_setup.bash\n'}
[14.905258] (straight_line_interface) StdoutLine: {'line': b'-- Installing: /home/cc/ee106a/fa26/class/ee106a-aej/ros_workspaces/lab3/install/straight_line_interface/share/straight_line_interface/local_setup.sh\n'}
[14.912456] (straight_line_interface) StdoutLine: {'line': b'-- Installing: /home/cc/ee106a/fa26/class/ee106a-aej/ros_workspaces/lab3/install/straight_line_interface/share/straight_line_interface/local_setup.zsh\n'}
[14.919916] (straight_line_interface) StdoutLine: {'line': b'-- Installing: /home/cc/ee106a/fa26/class/ee106a-aej/ros_workspaces/lab3/install/straight_line_interface/share/straight_line_interface/local_setup.dsv\n'}
[14.927028] (straight_line_interface) StdoutLine: {'line': b'-- Installing: /home/cc/ee106a/fa26/class/ee106a-aej/ros_workspaces/lab3/install/straight_line_interface/share/straight_line_interface/package.dsv\n'}
[14.934735] (-) TimerEvent: {}
[14.938355] (straight_line_interface) StdoutLine: {'line': b'-- Installing: /home/cc/ee106a/fa26/class/ee106a-aej/ros_workspaces/lab3/install/straight_line_interface/share/ament_index/resource_index/packages/straight_line_interface\n'}
[14.949182] (straight_line_interface) StdoutLine: {'line': b'-- Installing: /home/cc/ee106a/fa26/class/ee106a-aej/ros_workspaces/lab3/install/straight_line_interface/share/straight_line_interface/cmake/export_straight_line_interface__rosidl_generator_cExport.cmake\n'}
[14.956604] (straight_line_interface) StdoutLine: {'line': b'-- Installing: /home/cc/ee106a/fa26/class/ee106a-aej/ros_workspaces/lab3/install/straight_line_interface/share/straight_line_interface/cmake/export_straight_line_interface__rosidl_generator_cExport-noconfig.cmake\n'}
[14.964153] (straight_line_interface) StdoutLine: {'line': b'-- Installing: /home/cc/ee106a/fa26/class/ee106a-aej/ros_workspaces/lab3/install/straight_line_interface/share/straight_line_interface/cmake/export_straight_line_interface__rosidl_typesupport_fastrtps_cExport.cmake\n'}
[14.971764] (straight_line_interface) StdoutLine: {'line': b'-- Installing: /home/cc/ee106a/fa26/class/ee106a-aej/ros_workspaces/lab3/install/straight_line_interface/share/straight_line_interface/cmake/export_straight_line_interface__rosidl_typesupport_fastrtps_cExport-noconfig.cmake\n'}
[14.979590] (straight_line_interface) StdoutLine: {'line': b'-- Installing: /home/cc/ee106a/fa26/class/ee106a-aej/ros_workspaces/lab3/install/straight_line_interface/share/straight_line_interface/cmake/export_straight_line_interface__rosidl_generator_cppExport.cmake\n'}
[14.987816] (straight_line_interface) StdoutLine: {'line': b'-- Installing: /home/cc/ee106a/fa26/class/ee106a-aej/ros_workspaces/lab3/install/straight_line_interface/share/straight_line_interface/cmake/export_straight_line_interface__rosidl_typesupport_fastrtps_cppExport.cmake\n'}
[14.995844] (straight_line_interface) StdoutLine: {'line': b'-- Installing: /home/cc/ee106a/fa26/class/ee106a-aej/ros_workspaces/lab3/install/straight_line_interface/share/straight_line_interface/cmake/export_straight_line_interface__rosidl_typesupport_fastrtps_cppExport-noconfig.cmake\n'}
[15.003979] (straight_line_interface) StdoutLine: {'line': b'-- Installing: /home/cc/ee106a/fa26/class/ee106a-aej/ros_workspaces/lab3/install/straight_line_interface/share/straight_line_interface/cmake/straight_line_interface__rosidl_typesupport_introspection_cExport.cmake\n'}
[15.011410] (straight_line_interface) StdoutLine: {'line': b'-- Installing: /home/cc/ee106a/fa26/class/ee106a-aej/ros_workspaces/lab3/install/straight_line_interface/share/straight_line_interface/cmake/straight_line_interface__rosidl_typesupport_introspection_cExport-noconfig.cmake\n'}
[15.019094] (straight_line_interface) StdoutLine: {'line': b'-- Installing: /home/cc/ee106a/fa26/class/ee106a-aej/ros_workspaces/lab3/install/straight_line_interface/share/straight_line_interface/cmake/straight_line_interface__rosidl_typesupport_cExport.cmake\n'}
[15.027728] (straight_line_interface) StdoutLine: {'line': b'-- Installing: /home/cc/ee106a/fa26/class/ee106a-aej/ros_workspaces/lab3/install/straight_line_interface/share/straight_line_interface/cmake/straight_line_interface__rosidl_typesupport_cExport-noconfig.cmake\n'}
[15.034811] (-) TimerEvent: {}
[15.036851] (straight_line_interface) StdoutLine: {'line': b'-- Installing: /home/cc/ee106a/fa26/class/ee106a-aej/ros_workspaces/lab3/install/straight_line_interface/share/straight_line_interface/cmake/straight_line_interface__rosidl_typesupport_introspection_cppExport.cmake\n'}
[15.045662] (straight_line_interface) StdoutLine: {'line': b'-- Installing: /home/cc/ee106a/fa26/class/ee106a-aej/ros_workspaces/lab3/install/straight_line_interface/share/straight_line_interface/cmake/straight_line_interface__rosidl_typesupport_introspection_cppExport-noconfig.cmake\n'}
[15.053503] (straight_line_interface) StdoutLine: {'line': b'-- Installing: /home/cc/ee106a/fa26/class/ee106a-aej/ros_workspaces/lab3/install/straight_line_interface/share/straight_line_interface/cmake/straight_line_interface__rosidl_typesupport_cppExport.cmake\n'}
[15.061105] (straight_line_interface) StdoutLine: {'line': b'-- Installing: /home/cc/ee106a/fa26/class/ee106a-aej/ros_workspaces/lab3/install/straight_line_interface/share/straight_line_interface/cmake/straight_line_interface__rosidl_typesupport_cppExport-noconfig.cmake\n'}
[15.068571] (straight_line_interface) StdoutLine: {'line': b'-- Installing: /home/cc/ee106a/fa26/class/ee106a-aej/ros_workspaces/lab3/install/straight_line_interface/share/straight_line_interface/cmake/export_straight_line_interface__rosidl_generator_pyExport.cmake\n'}
[15.075978] (straight_line_interface) StdoutLine: {'line': b'-- Installing: /home/cc/ee106a/fa26/class/ee106a-aej/ros_workspaces/lab3/install/straight_line_interface/share/straight_line_interface/cmake/export_straight_line_interface__rosidl_generator_pyExport-noconfig.cmake\n'}
[15.083213] (straight_line_interface) StdoutLine: {'line': b'-- Installing: /home/cc/ee106a/fa26/class/ee106a-aej/ros_workspaces/lab3/install/straight_line_interface/share/straight_line_interface/cmake/rosidl_cmake-extras.cmake\n'}
[15.090320] (straight_line_interface) StdoutLine: {'line': b'-- Installing: /home/cc/ee106a/fa26/class/ee106a-aej/ros_workspaces/lab3/install/straight_line_interface/share/straight_line_interface/cmake/ament_cmake_export_dependencies-extras.cmake\n'}
[15.097259] (straight_line_interface) StdoutLine: {'line': b'-- Installing: /home/cc/ee106a/fa26/class/ee106a-aej/ros_workspaces/lab3/install/straight_line_interface/share/straight_line_interface/cmake/ament_cmake_export_include_directories-extras.cmake\n'}
[15.104537] (straight_line_interface) StdoutLine: {'line': b'-- Installing: /home/cc/ee106a/fa26/class/ee106a-aej/ros_workspaces/lab3/install/straight_line_interface/share/straight_line_interface/cmake/ament_cmake_export_libraries-extras.cmake\n'}
[15.112037] (straight_line_interface) StdoutLine: {'line': b'-- Installing: /home/cc/ee106a/fa26/class/ee106a-aej/ros_workspaces/lab3/install/straight_line_interface/share/straight_line_interface/cmake/ament_cmake_export_targets-extras.cmake\n'}
[15.120124] (straight_line_interface) StdoutLine: {'line': b'-- Installing: /home/cc/ee106a/fa26/class/ee106a-aej/ros_workspaces/lab3/install/straight_line_interface/share/straight_line_interface/cmake/rosidl_cmake_export_typesupport_targets-extras.cmake\n'}
[15.127437] (straight_line_interface) StdoutLine: {'line': b'-- Installing: /home/cc/ee106a/fa26/class/ee106a-aej/ros_workspaces/lab3/install/straight_line_interface/share/straight_line_interface/cmake/rosidl_cmake_export_typesupport_libraries-extras.cmake\n'}
[15.134970] (straight_line_interface) StdoutLine: {'line': b'-- Installing: /home/cc/ee106a/fa26/class/ee106a-aej/ros_workspaces/lab3/install/straight_line_interface/share/straight_line_interface/cmake/rosidl_cmake_aggregate_target-extras.cmake\n'}
[15.135123] (-) TimerEvent: {}
[15.142471] (straight_line_interface) StdoutLine: {'line': b'-- Installing: /home/cc/ee106a/fa26/class/ee106a-aej/ros_workspaces/lab3/install/straight_line_interface/share/straight_line_interface/cmake/straight_line_interfaceConfig.cmake\n'}
[15.149117] (straight_line_interface) StdoutLine: {'line': b'-- Installing: /home/cc/ee106a/fa26/class/ee106a-aej/ros_workspaces/lab3/install/straight_line_interface/share/straight_line_interface/cmake/straight_line_interfaceConfig-version.cmake\n'}
[15.156285] (straight_line_interface) StdoutLine: {'line': b'-- Installing: /home/cc/ee106a/fa26/class/ee106a-aej/ros_workspaces/lab3/install/straight_line_interface/share/straight_line_interface/package.xml\n'}
[15.171003] (straight_line_interface) CommandEnded: {'returncode': 0}
[15.235238] (-) TimerEvent: {}
[15.335634] (-) TimerEvent: {}
[15.346555] (straight_line_interface) JobEnded: {'identifier': 'straight_line_interface', 'rc': 0}
[15.352522] (straight_line) JobStarted: {'identifier': 'straight_line'}
[15.435742] (-) TimerEvent: {}
[15.536078] (-) TimerEvent: {}
[15.636256] (-) TimerEvent: {}
[15.736475] (-) TimerEvent: {}
[15.836805] (-) TimerEvent: {}
[15.937020] (-) TimerEvent: {}
[16.037299] (-) TimerEvent: {}
[16.110516] (straight_line) Command: {'cmd': ['/usr/bin/python3', '-W', 'ignore:setup.py install is deprecated', '-W', 'ignore:easy_install command is deprecated', 'setup.py', 'egg_info', '--egg-base', '../../build/straight_line', 'build', '--build-base', '/home/cc/ee106a/fa26/class/ee106a-aej/ros_workspaces/lab3/build/straight_line/build', 'install', '--record', '/home/cc/ee106a/fa26/class/ee106a-aej/ros_workspaces/lab3/build/straight_line/install.log', '--install-scripts', '$base/lib/straight_line', '--single-version-externally-managed', 'install_data'], 'cwd': '/home/cc/ee106a/fa26/class/ee106a-aej/ros_workspaces/lab3/src/straight_line', 'env': {'ARCH': 'x86_64', 'QT_SCALE_FACTOR': '1', 'USER': 'ee106a-aej', 'HOSTNAME': 'ros2', 'XDG_SESSION_TYPE': 'x11', 'MASTERDIR': '/home/ff/ee106a', 'COMPIZ_CONFIG_PROFILE': 'mate', 'XDG_CACHE_HOME': '/home/cc/ee106a/fa26/class/ee106a-aej/.cache', 'SHLVL': '2', 'LD_LIBRARY_PATH': '/home/cc/ee106a/fa26/class/ee106a-aej/ros_workspaces/lab3/install/straight_line_interface/lib:/usr/lib/x86_64-linux-gnu/gazebo-11/plugins:/opt/ros/humble/opt/rviz_ogre_vendor/lib:/opt/ros/humble/lib/x86_64-linux-gnu:/opt/ros/humble/lib', 'HOME': '/home/cc/ee106a/fa26/class/ee106a-aej', 'OLDPWD': '/home/cc/ee106a/fa26/class/ee106a-aej/ros_workspaces', 'DESKTOP_SESSION': 'mate', 'ROS_PYTHON_VERSION': '3', 'GTK_MODULES': 'gail:atk-bridge:appmenu-gtk-module:gail:atk-bridge:canberra-gtk-module', 'EE106_UR_ROBOT_IP': '192.168.1.101', 'MANAGERPID': '107037', 'DISTROBOX_ENTER_PATH': '/usr/local/bin/distrobox-enter', 'DBUS_STARTER_BUS_TYPE': 'session', 'SYSTEMD_EXEC_PID': '107037', 'NNTPSERVER': 'news.csua.berkeley.edu', 'VISUAL': 'emacs', 'XDG_STATE_HOME': '/home/cc/ee106a/fa26/class/ee106a-aej/.local/state', 'DBUS_SESSION_BUS_ADDRESS': 'unix:path=/run/user/90978/bus,guid=31562aa21c4b85012f3fec056aa82192', 'COLORTERM': 'truecolor', 'container': 'podman', 'UBUNTU_MENUPROXY': '1', 'QT_QPA_PLATFORMTHEME': 'gtk2', 'IM_CONFIG_PHASE': '1', 'COLCON_PREFIX_PATH': '/home/ff/ee106a/robot_workspaces/ur/install', 'ROS_DISTRO': 'humble', 'GTK_IM_MODULE': 'ibus', 'LOGNAME': 'ee106a-aej', 'MASTER': 'ee106a', 'WINDOWID': '31457286', 'JOURNAL_STREAM': '8:858859', 'ROS_VERSION': '2', 'XDG_SESSION_CLASS': 'user', 'TERMINFO_DIRS': '/usr/share/terminfo:/run/host/usr/share/terminfo', 'USERNAME': 'ee106a-aej', 'TERM': 'xterm-256color', 'GTK_OVERLAY_SCROLLING': '0', 'ROS_LOCALHOST_ONLY': '0', 'WINDOWPATH': '3', 'PATH': '/opt/ros/humble/bin:/share/b/grading/bin:/home/ff/ee106a/bin:/home/ff/ee106a/bin/arch/x86_64:/share/b/grading/bin:/home/ff/ee106a/bin:/home/ff/ee106a/bin/arch/x86_64:/usr/local/sbin:/usr/local/bin:/usr/sbin:/usr/bin:/sbin:/bin:/usr/games:/usr/local/games:/snap/bin:/snap/bin:/share/b/grading/bin:/share/b/grading/sbin:/share/b/runas/x86_64:/share/b/bin:/home/ff/ee106a/venvs/all:/usr/local/sbin:/usr/local/bin:/usr/sbin:/usr/bin:/sbin:/bin:/share/b/grading/bin:/share/b/grading/sbin:/share/b/runas/x86_64:/share/b/bin:/home/ff/ee106a/venvs/all', 'SESSION_MANAGER': 'local/c105-7:@/tmp/.ICE-unix/107122,unix/c105-7:/tmp/.ICE-unix/107122', 'INVOCATION_ID': 'cb0846482c304853a89b0820de4d3b9d', 'OS': 'Linux', 'XDG_RUNTIME_DIR': '/run/user/90978', 'DISPLAY': ':2', 'LANG': 'en_US.UTF-8', 'XDG_CURRENT_DESKTOP': 'MATE', 'XDG_DATA_HOME': '/home/cc/ee106a/fa26/class/ee106a-aej/.local/share', 'XDG_CONFIG_HOME': '/home/cc/ee106a/fa26/class/ee106a-aej/.config', 'XMODIFIERS': '@im=ibus', 'XDG_SESSION_DESKTOP': 'mate', 'XAUTHORITY': '/run/user/90978/gdm/Xauthority', 'SSH_AUTH_SOCK': '/run/user/90978/keyring/ssh', 'ROS_DOMAIN_ID': '27', 'AMENT_PREFIX_PATH': '/home/cc/ee106a/fa26/class/ee106a-aej/ros_workspaces/lab3/install/straight_line_interface:/home/ff/ee106a/robot_workspaces/ur/install/ur7e_utils:/opt/ros/humble', 'SHELL': '/usr/bin/bash', 'QT_ACCESSIBILITY': '1', 'EE106_UR_ROBOT_NAME': 'r2d2', 'GDMSESSION': 'mate', 'RUNAS': '/share/b/runas/x86_64', 'GPG_AGENT_INFO': '/run/user/90978/gnupg/S.gpg-agent:0:1', 'CONFIG_SHELL': '/usr/bin/ksh', 'QT_IM_MODULE': 'ibus', 'PWD': '/home/cc/ee106a/fa26/class/ee106a-aej/ros_workspaces/lab3/build/straight_line', 'EE106_ENV_SETUP': 'ur_ros2', 'CONTAINER_ID': 'ros2', 'LC_ALL': 'C.UTF-8', 'XDG_CONFIG_DIRS': '/etc/xdg/xdg-mate:/etc/xdg', 'CLUTTER_IM_MODULE': 'ibus', 'DBUS_STARTER_ADDRESS': 'unix:path=/run/user/90978/bus,guid=31562aa21c4b85012f3fec056aa82192', 'XDG_DATA_DIRS': '/usr/share/mate:/usr/share/mate:/usr/share/gnome:/home/cc/ee106a/fa26/class/ee106a-aej/.local/share/flatpak/exports/share:/var/lib/flatpak/exports/share:/usr/local/share/:/usr/share/:/var/lib/snapd/desktop:/usr/local/share:/usr/share', 'PYTHONPATH': '/home/cc/ee106a/fa26/class/ee106a-aej/ros_workspaces/lab3/build/straight_line/prefix_override:/usr/lib/python3/dist-packages/colcon_core/task/python/colcon_distutils_commands:/home/cc/ee106a/fa26/class/ee106a-aej/ros_workspaces/lab3/install/straight_line/lib/python3.10/site-packages:/home/cc/ee106a/fa26/class/ee106a-aej/ros_workspaces/lab3/install/straight_line_interface/local/lib/python3.10/dist-packages:/home/ff/ee106a/robot_workspaces/ur/install/ur7e_utils/lib/python3.10/site-packages:/opt/ros/humble/lib/python3.10/site-packages:/opt/ros/humble/local/lib/python3.10/dist-packages', 'MATE_DESKTOP_SESSION_ID': 'this-is-deprecated', 'COLCON': '1', 'MANPATH': '/usr/local/man:/usr/man:/usr/X11/man:/usr/local/man:/share/b/grading/man:/usr/local/man:/usr/man:/usr/X11/man:/usr/local/man:/share/b/grading/man:', 'VTE_VERSION': '6800', 'EDITOR': 'emacs', 'QT_FONT_DPI': '122', 'CMAKE_PREFIX_PATH': '/home/cc/ee106a/fa26/class/ee106a-aej/ros_workspaces/lab3/install/straight_line_interface'}, 'shell': False}
[16.137353] (-) TimerEvent: {}
[16.237520] (-) TimerEvent: {}
[16.330064] (straight_line) StdoutLine: {'line': b'running egg_info\n'}
[16.330665] (straight_line) StdoutLine: {'line': b'creating ../../build/straight_line/straight_line.egg-info\n'}
[16.332944] (straight_line) StdoutLine: {'line': b'writing ../../build/straight_line/straight_line.egg-info/PKG-INFO\n'}
[16.337578] (-) TimerEvent: {}
[16.338911] (straight_line) StdoutLine: {'line': b'writing dependency_links to ../../build/straight_line/straight_line.egg-info/dependency_links.txt\n'}
[16.341891] (straight_line) StdoutLine: {'line': b'writing entry points to ../../build/straight_line/straight_line.egg-info/entry_points.txt\n'}
[16.344500] (straight_line) StdoutLine: {'line': b'writing requirements to ../../build/straight_line/straight_line.egg-info/requires.txt\n'}
[16.347123] (straight_line) StdoutLine: {'line': b'writing top-level names to ../../build/straight_line/straight_line.egg-info/top_level.txt\n'}
[16.350050] (straight_line) StdoutLine: {'line': b"writing manifest file '../../build/straight_line/straight_line.egg-info/SOURCES.txt'\n"}
[16.356679] (straight_line) StdoutLine: {'line': b"reading manifest file '../../build/straight_line/straight_line.egg-info/SOURCES.txt'\n"}
[16.357717] (straight_line) StdoutLine: {'line': b"adding license file 'LICENSE'\n"}
[16.358470] (straight_line) StdoutLine: {'line': b"writing manifest file '../../build/straight_line/straight_line.egg-info/SOURCES.txt'\n"}
[16.359349] (straight_line) StdoutLine: {'line': b'running build\n'}
[16.360067] (straight_line) StdoutLine: {'line': b'running build_py\n'}
[16.360280] (straight_line) StdoutLine: {'line': b'creating /home/cc/ee106a/fa26/class/ee106a-aej/ros_workspaces/lab3/build/straight_line/build\n'}
[16.361378] (straight_line) StdoutLine: {'line': b'creating /home/cc/ee106a/fa26/class/ee106a-aej/ros_workspaces/lab3/build/straight_line/build/lib\n'}
[16.362646] (straight_line) StdoutLine: {'line': b'creating /home/cc/ee106a/fa26/class/ee106a-aej/ros_workspaces/lab3/build/straight_line/build/lib/straight_line\n'}
[16.364461] (straight_line) StdoutLine: {'line': b'copying straight_line/straight_line_server.py -> /home/cc/ee106a/fa26/class/ee106a-aej/ros_workspaces/lab3/build/straight_line/build/lib/straight_line\n'}
[16.368871] (straight_line) StdoutLine: {'line': b'copying straight_line/__init__.py -> /home/cc/ee106a/fa26/class/ee106a-aej/ros_workspaces/lab3/build/straight_line/build/lib/straight_line\n'}
[16.371804] (straight_line) StdoutLine: {'line': b'running install\n'}
[16.372418] (straight_line) StdoutLine: {'line': b'running install_lib\n'}
[16.376240] (straight_line) StdoutLine: {'line': b'creating /home/cc/ee106a/fa26/class/ee106a-aej/ros_workspaces/lab3/install/straight_line/lib/python3.10/site-packages/straight_line\n'}
[16.378542] (straight_line) StdoutLine: {'line': b'copying /home/cc/ee106a/fa26/class/ee106a-aej/ros_workspaces/lab3/build/straight_line/build/lib/straight_line/straight_line_server.py -> /home/cc/ee106a/fa26/class/ee106a-aej/ros_workspaces/lab3/install/straight_line/lib/python3.10/site-packages/straight_line\n'}
[16.383274] (straight_line) StdoutLine: {'line': b'copying /home/cc/ee106a/fa26/class/ee106a-aej/ros_workspaces/lab3/build/straight_line/build/lib/straight_line/__init__.py -> /home/cc/ee106a/fa26/class/ee106a-aej/ros_workspaces/lab3/install/straight_line/lib/python3.10/site-packages/straight_line\n'}
[16.388909] (straight_line) StdoutLine: {'line': b'byte-compiling /home/cc/ee106a/fa26/class/ee106a-aej/ros_workspaces/lab3/install/straight_line/lib/python3.10/site-packages/straight_line/straight_line_server.py to straight_line_server.cpython-310.pyc\n'}
[16.390161] (straight_line) StdoutLine: {'line': b'byte-compiling /home/cc/ee106a/fa26/class/ee106a-aej/ros_workspaces/lab3/install/straight_line/lib/python3.10/site-packages/straight_line/__init__.py to __init__.cpython-310.pyc\n'}
[16.391210] (straight_line) StderrLine: {'line': b'  File "/home/cc/ee106a/fa26/class/ee106a-aej/ros_workspaces/lab3/install/straight_line/lib/python3.10/site-packages/straight_line/straight_line_server.py", line 48\n'}
[16.391378] (straight_line) StderrLine: {'line': b"    'move_straight',\n"}
[16.392501] (straight_line) StderrLine: {'line': b'    ^^^^^^^^^^^^^^^\n'}
[16.392698] (straight_line) StderrLine: {'line': b'SyntaxError: invalid syntax\n'}
[16.393835] (straight_line) StderrLine: {'line': b'\n'}
[16.396684] (straight_line) StdoutLine: {'line': b'running install_data\n'}
[16.398015] (straight_line) StdoutLine: {'line': b'creating /home/cc/ee106a/fa26/class/ee106a-aej/ros_workspaces/lab3/install/straight_line/share/ament_index\n'}
[16.398647] (straight_line) StdoutLine: {'line': b'creating /home/cc/ee106a/fa26/class/ee106a-aej/ros_workspaces/lab3/install/straight_line/share/ament_index/resource_index\n'}
[16.400023] (straight_line) StdoutLine: {'line': b'creating /home/cc/ee106a/fa26/class/ee106a-aej/ros_workspaces/lab3/install/straight_line/share/ament_index/resource_index/packages\n'}
[16.401965] (straight_line) StdoutLine: {'line': b'copying resource/straight_line -> /home/cc/ee106a/fa26/class/ee106a-aej/ros_workspaces/lab3/install/straight_line/share/ament_index/resource_index/packages\n'}
[16.406358] (straight_line) StdoutLine: {'line': b'copying package.xml -> /home/cc/ee106a/fa26/class/ee106a-aej/ros_workspaces/lab3/install/straight_line/share/straight_line\n'}
[16.410694] (straight_line) StdoutLine: {'line': b'running install_egg_info\n'}
[16.418002] (straight_line) StdoutLine: {'line': b'Copying ../../build/straight_line/straight_line.egg-info to /home/cc/ee106a/fa26/class/ee106a-aej/ros_workspaces/lab3/install/straight_line/lib/python3.10/site-packages/straight_line-0.0.0-py3.10.egg-info\n'}
[16.437682] (-) TimerEvent: {}
[16.455039] (straight_line) StdoutLine: {'line': b'running install_scripts\n'}
[16.500568] (straight_line) StdoutLine: {'line': b'Installing straight_line_server script to /home/cc/ee106a/fa26/class/ee106a-aej/ros_workspaces/lab3/install/straight_line/lib/straight_line\n'}
[16.506768] (straight_line) StdoutLine: {'line': b"writing list of installed files to '/home/cc/ee106a/fa26/class/ee106a-aej/ros_workspaces/lab3/build/straight_line/install.log'\n"}
[16.527163] (straight_line) CommandEnded: {'returncode': 0}
[16.537828] (-) TimerEvent: {}
[16.588615] (straight_line) JobEnded: {'identifier': 'straight_line', 'rc': 0}
[16.594068] (-) EventReactorShutdown: {}
